id,first_name,last_name,email,gender,balance,dob,vehicle,family_size
1,Stanton,Rabat,srabat0@1und1.de,Genderfluid,$11585.92,10/29/1979,Toyota,5
2,Gianni,Pavic,gpavic1@upenn.edu,Bigender,$25221.83,11/6/1985,Mitsubishi,5
3,Allin,Barnwall,abarnwall2@spotify.com,Male,$17884.25,4/23/1974,Chrysler,2
4,Beckie,Gummary,bgummary3@nydailynews.com,Female,$2535.83,2/4/1993,Acura,7
5,Kingston,Brimilcombe,kbrimilcombe4@bloomberg.com,Agender,$24351.33,9/10/1987,Chevrolet,9
6,Roobbie,Josskovitz,rjosskovitz5@yolasite.com,Female,$22199.70,8/21/1970,Buick,8
7,Page,Martindale,pmartindale6@youtu.be,Female,$2310.79,8/26/1972,Dodge,3
8,Miguel,Ching,mching7@istockphoto.com,Agender,$7099.65,10/2/1974,Mercury,5
9,Lucille,McLuckie,lmcluckie8@nps.gov,Female,$3822.38,8/12/1983,Volkswagen,2
10,Gussi,Bamlett,gbamlett9@symantec.com,Female,$22266.54,2/1/1994,BMW,9
11,Kath,Brecon,kbrecona@cbsnews.com,Agender,$4003.06,2/24/2001,Ford,7
12,Baily,Dunphy,bdunphyb@is.gd,Male,$15653.54,12/26/2000,Toyota,9
13,Lind,Siderfin,lsiderfinc@upenn.edu,Male,$20829.23,5/2/1971,Chevrolet,10
14,Hillyer,Seamons,hseamonsd@nps.gov,Male,$14495.21,7/24/1980,Mercury,9
15,Mandi,Kasperski,mkasperskie@statcounter.com,Female,$6915.72,5/2/2001,Chevrolet,7
16,Celestina,Quarton,cquartonf@geocities.com,Female,$25154.73,9/25/1998,Pontiac,8
17,Phil,Coton,pcotong@barnesandnoble.com,Female,$16988.84,10/4/2000,Toyota,8
18,Boone,Josephson,bjosephsonh@dropbox.com,Male,$11002.70,10/5/1972,Isuzu,1
19,Serene,Mortimer,smortimeri@issuu.com,Female,$3518.71,12/25/1966,Ford,7
20,Zacharia,Fuzzard,zfuzzardj@alibaba.com,Male,$5781.43,11/27/1977,Volkswagen,8
21,Nissa,Farrent,nfarrentk@twitter.com,Female,$2132.34,6/7/1999,Volkswagen,6
22,Annie,Whittet,awhittetl@hud.gov,Female,$9871.49,4/12/1979,Audi,9
23,Boonie,Loffhead,bloffheadm@dyndns.org,Male,$20488.23,4/30/1979,Mazda,6
24,Forbes,Brehault,fbrehaultn@cbslocal.com,Male,$8348.41,5/23/1978,Ford,2
25,Alexi,Wingatt,awingatto@independent.co.uk,Female,$19353.36,11/3/1975,Chevrolet,10
26,Sisely,Lewendon,slewendonp@slideshare.net,Female,$10609.17,9/11/1991,Volkswagen,9
27,Gus,Henke,ghenkeq@myspace.com,Male,$4967.54,12/16/1972,GMC,5
28,Gwynne,Harrowsmith,gharrowsmithr@a8.net,Polygender,$23769.77,12/31/1985,Mitsubishi,10
29,Jorrie,Sandeson,jsandesons@rambler.ru,Female,$9416.58,3/15/1984,Ford,6
30,Kelcie,d' Elboux,kdelbouxt@1und1.de,Female,$24220.47,12/27/1973,Ford,6
31,Skell,Rodd,sroddu@posterous.com,Male,$16506.01,12/29/1981,Honda,1
32,Karoline,Fandrey,kfandreyv@abc.net.au,Female,$2961.76,3/9/1995,Kia,1
33,Ashlee,Augar,aaugarw@reverbnation.com,Female,$17795.59,1/2/1984,Mitsubishi,6
34,Violetta,Garlic,vgarlicx@edublogs.org,Female,$21678.24,7/2/1981,Mercury,4
35,Samuele,Jefferd,sjefferdy@yelp.com,Male,$9843.18,1/2/1988,Chevrolet,9
36,Deni,Christofe,dchristofez@nhs.uk,Female,$16614.00,6/30/1986,Volkswagen,6
37,Teri,Simcock,tsimcock10@a8.net,Female,$15955.94,9/11/1996,Lincoln,3
38,Patty,Cheavin,pcheavin11@bizjournals.com,Agender,$12850.02,11/7/1973,Mazda,10
39,Walt,Flowerdew,wflowerdew12@digg.com,Male,$11371.41,8/2/2002,Ford,4
40,Joete,Beggan,jbeggan13@imageshack.us,Female,$12430.83,2/4/1982,Ford,8
41,Harv,Larwood,hlarwood14@nasa.gov,Male,$17468.84,12/8/1977,Lexus,3
42,Claire,Huerta,chuerta15@sphinn.com,Female,$3556.93,4/10/1997,Dodge,7
43,Gustave,M'Barron,gmbarron16@spotify.com,Male,$6705.56,3/3/1984,Infiniti,2
44,Candide,Thirst,cthirst17@tinypic.com,Female,$5968.88,9/14/1995,Suzuki,1
45,Toddy,Frankowski,tfrankowski18@sciencedaily.com,Male,$14415.77,4/1/1986,Chevrolet,9
46,Staffard,Creamer,screamer19@cnet.com,Male,$10747.31,11/16/1994,Ford,3
47,Griz,Rivett,grivett1a@squidoo.com,Male,$20060.72,12/2/1978,GMC,9
48,Peyton,Van Oord,pvanoord1b@cpanel.net,Male,$5371.85,12/29/1989,Pontiac,7
49,Purcell,Reading,preading1c@twitpic.com,Male,$14095.01,6/4/1972,Oldsmobile,5
50,Sylvan,Kuban,skuban1d@ocn.ne.jp,Male,$9310.40,9/23/1998,Merkur,5
51,Levi,Kettleson,lkettleson1e@gravatar.com,Male,$5107.74,11/21/1992,GMC,9
52,Rupert,Dunderdale,rdunderdale1f@istockphoto.com,Male,$4696.81,8/4/1986,GMC,6
53,Jemmy,Tilne,jtilne1g@state.gov,Female,$20922.18,5/7/1990,Audi,2
54,Boothe,Mulleary,bmulleary1h@shareasale.com,Bigender,$23131.80,6/29/1996,Ford,9
55,Elbert,Jewitt,ejewitt1i@meetup.com,Agender,$4352.61,11/30/1981,Buick,10
56,Darryl,Kimbury,dkimbury1j@tamu.edu,Female,$2835.35,12/29/1966,Chevrolet,10
57,Rayshell,Wannan,rwannan1k@sakura.ne.jp,Female,$14320.49,2/9/1976,Volkswagen,5
58,Whitby,Palliser,wpalliser1l@eventbrite.com,Male,$18105.03,6/3/1975,Chevrolet,9
59,Duffy,Signe,dsigne1m@earthlink.net,Male,$23518.26,4/27/2001,Audi,5
60,Shara,Bondesen,sbondesen1n@elpais.com,Genderfluid,$18036.88,4/22/1979,Chevrolet,7
61,Everard,Stedall,estedall1o@moonfruit.com,Male,$21884.49,11/12/1984,Suzuki,3
62,Bibbye,Walrond,bwalrond1p@yahoo.co.jp,Female,$23459.61,6/23/1982,Oldsmobile,9
63,Krishna,Bulstrode,kbulstrode1q@fda.gov,Male,$7466.14,5/6/1997,Aston Martin,6
64,Ailis,Gravener,agravener1r@google.fr,Female,$1044.70,1/9/1998,Honda,9
65,Land,Sporgeon,lsporgeon1s@mediafire.com,Male,$8343.02,11/28/1966,Suzuki,5
66,Robinetta,Showering,rshowering1t@instagram.com,Female,$24179.13,11/3/1976,Mercedes-Benz,9
67,Dorthea,Petracek,dpetracek1u@eepurl.com,Female,$823.30,8/17/1979,Dodge,6
68,Sol,Merrgen,smerrgen1v@wix.com,Male,$12565.91,10/18/1982,Mazda,6
69,Isabel,Klassmann,iklassmann1w@weebly.com,Female,$22261.86,12/6/1988,GMC,4
70,Lana,Alishoner,lalishoner1x@techcrunch.com,Female,$14937.80,12/20/1970,Nissan,2
71,Reyna,Soldan,rsoldan1y@icq.com,Female,$15443.08,4/29/2001,Mercedes-Benz,9
72,Dell,Werrett,dwerrett1z@about.com,Female,$3386.97,1/18/1977,Mercedes-Benz,5
73,Darcy,Skrine,dskrine20@nytimes.com,Male,$6772.73,4/25/1987,Mazda,8
74,Corrie,Clemencon,cclemencon21@walmart.com,Male,$2770.81,4/25/2000,Toyota,5
75,Delmor,Demonge,ddemonge22@yolasite.com,Male,$3078.18,2/19/1979,Cadillac,8
76,Dena,Daintry,ddaintry23@howstuffworks.com,Female,$19575.49,7/16/1984,Volkswagen,4
77,Bruis,Neeves,bneeves24@stanford.edu,Male,$12752.78,3/1/1976,Dodge,8
78,Kimberly,Glowach,kglowach25@constantcontact.com,Female,$19494.45,6/14/1992,Mercury,4
79,Gwendolen,Lydden,glydden26@reddit.com,Female,$20635.00,9/13/2000,Rambler,1
80,Yule,Tabord,ytabord27@ucoz.ru,Male,$13845.07,5/19/1999,Lincoln,7
81,Dawn,Sywell,dsywell28@seesaa.net,Female,$23617.20,1/18/1984,Nissan,5
82,Tadeo,Winnett,twinnett29@pbs.org,Male,$10506.30,9/9/1973,Jaguar,1
83,Garrik,von Hagt,gvonhagt2a@omniture.com,Genderqueer,$16666.35,12/10/1968,Toyota,3
84,Shanan,Donisthorpe,sdonisthorpe2b@clickbank.net,Male,$21122.66,4/20/1968,Hyundai,1
85,Gussie,Bachs,gbachs2c@blogspot.com,Female,$10776.09,8/8/1993,Audi,3
86,Suki,Droogan,sdroogan2d@gravatar.com,Female,$4563.02,11/8/1971,Acura,2
87,Shannan,Raysdale,sraysdale2e@vimeo.com,Male,$15061.57,10/6/1993,Audi,3
88,Pryce,Eate,peate2f@nifty.com,Male,$7423.37,10/23/1980,Mercedes-Benz,2
89,Patrizius,Joiner,pjoiner2g@aboutads.info,Male,$11242.99,4/14/1982,Lincoln,2
90,Danell,Francey,dfrancey2h@sciencedirect.com,Female,$10800.04,2/6/1982,Dodge,9
91,Sherlock,Shurmore,sshurmore2i@prlog.org,Male,$20902.99,5/11/1993,Lamborghini,6
92,Tiffany,Carrabott,tcarrabott2j@bandcamp.com,Female,$19801.27,11/22/2000,Hyundai,5
93,Kerwinn,Bexon,kbexon2k@360.cn,Male,$13174.52,6/4/1991,GMC,1
94,Leia,Gomer,lgomer2l@goodreads.com,Genderqueer,$7735.93,6/1/1993,Jaguar,4
95,Pascale,Rydings,prydings2m@seesaa.net,Male,$12527.88,11/8/1988,Ford,6
96,Kore,Conradie,kconradie2n@cloudflare.com,Female,$2849.57,5/4/1983,Dodge,9
97,Aretha,Barbisch,abarbisch2o@ehow.com,Female,$19131.44,3/3/1974,Maybach,7
98,Edgar,Espada,eespada2p@freewebs.com,Male,$20730.68,12/22/1992,Dodge,3
99,Dallas,Charlton,dcharlton2q@imageshack.us,Male,$11359.74,12/15/1966,Audi,4
100,Clarie,Dearle,cdearle2r@hugedomains.com,Female,$20068.04,12/13/1991,Toyota,5
101,Austen,Margiotta,amargiotta2s@bravesites.com,Male,$4502.97,7/29/1982,Toyota,2
102,Whitney,Nellies,wnellies2t@narod.ru,Female,$1030.39,3/25/1981,Chrysler,7
103,Dniren,Birley,dbirley2u@usnews.com,Female,$10224.57,12/19/1994,Chevrolet,5
104,Hermia,Passman,hpassman2v@sfgate.com,Agender,$20660.87,2/25/1988,Cadillac,2
105,Prudy,Haugeh,phaugeh2w@hao123.com,Female,$5505.17,9/9/1977,Spyker,6
106,Towny,Lexa,tlexa2x@ow.ly,Male,$10524.23,6/7/1996,Nissan,5
107,Boycie,Leaning,bleaning2y@dell.com,Male,$13323.56,5/3/1975,Mazda,3
108,Erminie,Kyneton,ekyneton2z@storify.com,Female,$23834.45,12/17/1993,Chevrolet,10
109,Marylin,Dimitriades,mdimitriades30@ucla.edu,Female,$1850.88,2/2/1999,Suzuki,5
110,Adda,Ridsdole,aridsdole31@rambler.ru,Female,$17774.11,7/3/1984,Ford,2
111,Dallas,Sibbit,dsibbit32@freewebs.com,Male,$21548.42,1/3/1970,Infiniti,2
112,Tabbie,Rupert,trupert33@epa.gov,Male,$20121.84,10/15/1992,Hyundai,6
113,Theressa,Cartmell,tcartmell34@who.int,Agender,$9902.25,9/19/1990,Aston Martin,7
114,Derrik,Lamport,dlamport35@etsy.com,Male,$17338.24,3/2/1977,Hyundai,2
115,Dorotea,Blewitt,dblewitt36@feedburner.com,Genderqueer,$10268.25,9/27/1977,Dodge,10
116,Mead,Jerratsch,mjerratsch37@un.org,Female,$20802.91,11/25/1991,Honda,5
117,Lyndell,Schistl,lschistl38@paginegialle.it,Female,$2898.03,2/17/1972,Honda,2
118,Thaine,Duff,tduff39@mit.edu,Male,$9697.62,12/24/1974,BMW,1
119,Shantee,Peasegod,speasegod3a@ucla.edu,Female,$22594.68,9/16/1975,Jaguar,4
120,Aigneis,Dannel,adannel3b@netscape.com,Female,$1850.21,12/3/1988,Honda,7
121,Kevina,Aberchirder,kaberchirder3c@time.com,Female,$16015.37,11/5/1983,Volkswagen,8
122,Lavena,Astill,lastill3d@sfgate.com,Female,$22352.98,9/29/2002,Subaru,9
123,Merna,Benezeit,mbenezeit3e@google.com.hk,Female,$3874.43,2/18/1971,Chevrolet,8
124,Rafaelita,Taverner,rtaverner3f@who.int,Female,$8079.35,8/25/1990,Ford,7
125,Dom,Mosdall,dmosdall3g@tinyurl.com,Bigender,$8777.93,6/16/1989,Ford,7
126,Troy,Ainsworth,tainsworth3h@symantec.com,Male,$9322.78,7/28/1967,Toyota,4
127,Chaunce,Laird,claird3i@wix.com,Male,$9333.29,5/24/1984,Volkswagen,10
128,Kingsly,Aspinwall,kaspinwall3j@liveinternet.ru,Male,$10463.06,6/11/2002,Chrysler,2
129,Nye,Wolfarth,nwolfarth3k@techcrunch.com,Genderqueer,$15718.20,12/27/1994,Chevrolet,7
130,Oran,Bensusan,obensusan3l@wired.com,Male,$9976.93,3/14/1967,Volkswagen,6
131,Elsi,Siaskowski,esiaskowski3m@baidu.com,Female,$3334.79,5/9/1980,Mitsubishi,8
132,Benedicto,Fleckno,bfleckno3n@ow.ly,Male,$7470.95,6/1/1974,Oldsmobile,10
133,Adriano,Mandel,amandel3o@google.pl,Male,$18977.56,5/13/1999,Chevrolet,10
134,Bertha,Marchington,bmarchington3p@miitbeian.gov.cn,Female,$19734.83,1/10/1980,Ford,9
135,Lark,Adenet,ladenet3q@xrea.com,Female,$9752.31,5/17/1966,GMC,1
136,Lisabeth,Wightman,lwightman3r@purevolume.com,Female,$8229.51,11/28/1975,BMW,9
137,Alex,Emnoney,aemnoney3s@naver.com,Male,$24435.69,7/19/2001,Pontiac,10
138,Stephanus,Hrachovec,shrachovec3t@europa.eu,Male,$1059.67,10/28/1990,Hyundai,2
139,Wally,Dankov,wdankov3u@unblog.fr,Male,$3773.93,6/20/1966,Volkswagen,1
140,Albert,Brokenshire,abrokenshire3v@usda.gov,Male,$21642.01,6/21/1978,Honda,1
141,Zane,Gerrets,zgerrets3w@ucla.edu,Male,$18966.72,10/19/1977,Ford,5
142,Ophelia,Crickmore,ocrickmore3x@miibeian.gov.cn,Female,$4498.92,6/21/1977,BMW,3
143,Thorvald,Dacres,tdacres3y@123-reg.co.uk,Male,$23382.84,5/10/1971,Porsche,3
144,Sammie,McCrisken,smccrisken3z@narod.ru,Male,$23359.02,8/17/1986,Lincoln,4
145,Read,Corona,rcorona40@opera.com,Male,$5338.44,10/29/1990,Volkswagen,6
146,Frieda,Garden,fgarden41@oaic.gov.au,Female,$2951.19,1/24/1967,Nissan,4
147,Mordecai,Goulder,mgoulder42@aboutads.info,Male,$9970.62,7/8/1998,Mazda,9
148,Gerrie,Roddan,groddan43@google.de,Male,$20553.03,7/10/1976,Honda,10
149,Brandise,Cotmore,bcotmore44@artisteer.com,Female,$8951.45,6/1/2000,Mitsubishi,4
150,Grace,Skpsey,gskpsey45@unicef.org,Male,$21387.76,1/5/1967,Ford,7
151,Marijo,Kleynermans,mkleynermans46@fema.gov,Female,$20854.43,9/19/1971,Mercedes-Benz,10
152,Fredek,Cullotey,fcullotey47@hhs.gov,Male,$24265.21,8/20/1968,Buick,10
153,Carly,Branni,cbranni48@digg.com,Male,$807.45,8/29/1989,MINI,9
154,Benn,Vaskin,bvaskin49@cloudflare.com,Male,$8038.12,12/3/1969,Ford,5
155,Benedick,Itscowicz,bitscowicz4a@de.vu,Bigender,$10555.61,10/5/1982,Saab,7
156,Lib,McCool,lmccool4b@hatena.ne.jp,Female,$23157.41,1/17/1975,Pontiac,8
157,Aymer,Gashion,agashion4c@sohu.com,Male,$19308.71,9/24/1979,GMC,7
158,Galvan,Stealfox,gstealfox4d@mysql.com,Male,$17812.30,2/22/1980,Nissan,1
159,Katharina,Faire,kfaire4e@edublogs.org,Female,$3650.41,11/9/1997,Porsche,6
160,Annice,Knevet,aknevet4f@mozilla.org,Female,$19741.52,4/1/1990,Dodge,10
161,Giff,Akast,gakast4g@scientificamerican.com,Male,$10348.75,4/9/1969,Toyota,3
162,Jackie,Lere,jlere4h@imageshack.us,Male,$2917.00,9/14/1993,Mazda,8
163,Darryl,Bramford,dbramford4i@drupal.org,Female,$23785.54,6/16/1985,Mazda,5
164,Amity,Lodevick,alodevick4j@ameblo.jp,Female,$8965.51,8/7/1984,Nissan,9
165,Mic,Cowup,mcowup4k@google.it,Male,$2296.98,4/2/2002,Pontiac,8
166,Cleavland,Briddock,cbriddock4l@army.mil,Male,$8216.31,2/21/1986,Cadillac,10
167,Johna,Batistelli,jbatistelli4m@posterous.com,Female,$95.21,1/8/1966,Audi,7
168,Lorrayne,Nutting,lnutting4n@thetimes.co.uk,Female,$21897.95,5/26/1991,Cadillac,4
169,Aldric,Curston,acurston4o@goo.ne.jp,Male,$5853.06,2/20/2000,Acura,2
170,Tom,Dufore,tdufore4p@npr.org,Male,$24322.01,8/20/1970,GMC,5
171,Maximilianus,Burnyate,mburnyate4q@chicagotribune.com,Male,$12186.54,7/26/1974,Ford,1
172,Ferris,Trengove,ftrengove4r@yandex.ru,Male,$5710.27,10/24/1987,Ford,4
173,Francyne,Alejandre,falejandre4s@deviantart.com,Female,$20441.08,10/9/1999,Dodge,10
174,Sammy,Danet,sdanet4t@nationalgeographic.com,Male,$763.03,5/3/1988,BMW,10
175,Beret,Paireman,bpaireman4u@china.com.cn,Female,$9102.81,5/5/1988,Ford,3
176,Berti,Cartledge,bcartledge4v@fc2.com,Male,$17316.84,4/10/1973,Mazda,6
177,Natka,Dabling,ndabling4w@unesco.org,Female,$17713.60,7/21/1997,Oldsmobile,4
178,Herman,Hawson,hhawson4x@google.com.au,Bigender,$10515.52,11/2/1982,Toyota,1
179,Gwenni,Broadfield,gbroadfield4y@vkontakte.ru,Female,$17544.82,8/10/1996,Dodge,7
180,Flynn,Ancliffe,fancliffe4z@gmpg.org,Male,$667.44,7/12/1981,Lexus,3
181,Louis,Spruce,lspruce50@joomla.org,Male,$10969.81,7/27/1983,Suzuki,10
182,Jarvis,Arias,jarias51@boston.com,Male,$9671.63,1/15/1969,Saturn,2
183,Cornelia,Zammitt,czammitt52@tinyurl.com,Female,$20742.32,2/24/1989,Pontiac,9
184,Murry,Jersch,mjersch53@globo.com,Male,$17587.15,10/2/1966,GMC,2
185,Sheree,Bingell,sbingell54@dot.gov,Female,$22236.77,4/11/1998,Lamborghini,4
186,Muffin,Starbucke,mstarbucke55@earthlink.net,Male,$8634.99,6/20/2000,Honda,8
187,Eunice,Boldt,eboldt56@acquirethisname.com,Female,$10443.68,12/30/2000,Lotus,2
188,Janean,Gavagan,jgavagan57@ovh.net,Female,$11138.25,8/23/1995,Mitsubishi,6
189,Jerrold,Guyonneau,jguyonneau58@archive.org,Male,$14709.92,11/29/1978,Acura,10
190,Berti,Powles,bpowles59@google.com.br,Genderqueer,$9050.68,9/12/1983,Mazda,6
191,Callean,Gunther,cgunther5a@goo.gl,Male,$2280.47,5/7/1998,Mitsubishi,4
192,Henderson,Ingram,hingram5b@sourceforge.net,Male,$18148.52,10/3/1986,Volvo,3
193,Charlotta,Jury,cjury5c@dailymail.co.uk,Female,$13188.25,5/28/1995,Ford,1
194,Ashton,Pickover,apickover5d@cafepress.com,Male,$7796.60,1/1/1990,Ram,1
195,Waldo,McKennan,wmckennan5e@pcworld.com,Male,$13406.16,6/9/1996,Dodge,6
196,Tess,Eversley,teversley5f@foxnews.com,Female,$33.11,6/25/1981,GMC,7
197,Erika,Van den Broek,evandenbroek5g@nih.gov,Female,$6966.73,3/5/2001,Honda,3
198,Feodora,Gourlie,fgourlie5h@ycombinator.com,Female,$1776.97,6/14/1986,Subaru,8
199,Nicol,Simonetti,nsimonetti5i@fema.gov,Male,$16487.88,3/20/1999,Pontiac,8
200,Ulrica,McLennan,umclennan5j@jalbum.net,Female,$11675.07,9/3/1983,Audi,8
201,Killy,Swithenby,kswithenby5k@ox.ac.uk,Male,$16430.00,4/18/1992,Ford,9
202,Judi,Nisbet,jnisbet5l@icq.com,Female,$20211.39,5/16/1967,Ford,6
203,Christoph,Lowing,clowing5m@amazon.co.jp,Male,$2381.23,9/30/1981,Nissan,7
204,Pace,Iffe,piffe5n@freewebs.com,Male,$13810.94,8/29/1997,Dodge,1
205,Doralyn,Cleft,dcleft5o@vistaprint.com,Female,$11004.49,4/29/1999,Buick,7
206,Benni,Belham,bbelham5p@guardian.co.uk,Female,$15314.69,11/24/1988,Kia,4
207,Lorianne,Haskell,lhaskell5q@soundcloud.com,Female,$6197.05,10/8/2002,Suzuki,9
208,Sandye,Titt,stitt5r@reddit.com,Female,$7784.57,12/9/1990,Ford,8
209,Barbey,Petrello,bpetrello5s@google.cn,Female,$23639.95,10/24/1997,Chevrolet,7
210,Deane,Blasi,dblasi5t@huffingtonpost.com,Male,$22596.72,10/22/1975,Lamborghini,8
211,Thatcher,Fanstone,tfanstone5u@boston.com,Male,$7970.12,9/22/1967,Toyota,7
212,Lev,Bosward,lbosward5v@china.com.cn,Male,$20810.37,1/21/1996,Pontiac,8
213,Thaddeus,McGorley,tmcgorley5w@google.nl,Male,$2065.94,4/27/1992,Lexus,1
214,Irving,Cockshtt,icockshtt5x@wiley.com,Male,$16798.77,9/4/1991,Land Rover,3
215,Heinrik,Long,hlong5y@pinterest.com,Male,$24291.33,5/25/1993,Lotus,4
216,Bendix,Aysh,baysh5z@wordpress.org,Male,$8413.54,4/19/1974,Mercedes-Benz,7
217,Dianne,Jouhandeau,djouhandeau60@de.vu,Female,$13481.93,5/9/1971,Mercury,3
218,Dev,McClarence,dmcclarence61@uiuc.edu,Genderqueer,$1669.30,3/17/1975,Volkswagen,7
219,Ertha,Seabridge,eseabridge62@networkadvertising.org,Female,$4039.04,2/22/1984,Infiniti,1
220,Dickie,Flieger,dflieger63@mozilla.com,Non-binary,$19985.74,6/18/1977,Mitsubishi,6
221,Deloris,Toffts,dtoffts64@guardian.co.uk,Female,$19858.58,7/11/2001,Maybach,2
222,Jard,Rue,jrue65@constantcontact.com,Genderfluid,$1770.55,5/17/1995,GMC,4
223,Kendell,Bowick,kbowick66@cnbc.com,Male,$11741.88,3/18/2001,Lincoln,4
224,Sandye,Confait,sconfait67@google.com,Female,$12931.46,9/24/1990,Cadillac,5
225,Zahara,Dearle,zdearle68@clickbank.net,Agender,$7195.19,9/26/1986,Ford,7
226,Lucho,Badby,lbadby69@imgur.com,Male,$922.24,11/22/1987,Isuzu,8
227,Elmo,Scanlon,escanlon6a@cornell.edu,Male,$12182.89,1/28/1984,Honda,1
228,Gardener,Pentony,gpentony6b@paypal.com,Male,$15949.20,11/27/1966,Infiniti,7
229,Codie,Coneley,cconeley6c@mapquest.com,Female,$25167.57,6/6/1994,Mitsubishi,4
230,Naomi,Westcarr,nwestcarr6d@earthlink.net,Female,$1420.87,1/18/1991,Ford,6
231,Papagena,Jellicorse,pjellicorse6e@google.ru,Female,$24751.57,6/20/1986,Ford,9
232,Carley,Scholer,cscholer6f@vistaprint.com,Female,$12701.24,1/24/1996,Ford,4
233,Syd,Lawton,slawton6g@pcworld.com,Male,$6162.18,7/23/1975,Infiniti,3
234,Hester,Grayston,hgrayston6h@odnoklassniki.ru,Female,$23436.45,12/26/1983,Aston Martin,1
235,Daisey,Leake,dleake6i@cnn.com,Non-binary,$22759.48,10/4/1979,Volvo,8
236,Hamil,Pyrah,hpyrah6j@sitemeter.com,Male,$15068.54,10/2/1986,Oldsmobile,8
237,Padgett,Richmond,prichmond6k@webeden.co.uk,Male,$126.93,8/18/1981,Mercedes-Benz,7
238,Celestina,Dany,cdany6l@sina.com.cn,Female,$11586.00,11/25/1981,Hyundai,10
239,Audrey,Ogus,aogus6m@liveinternet.ru,Female,$9090.97,5/20/1976,MINI,5
240,Tony,Stott,tstott6n@msn.com,Male,$5903.35,2/28/1991,Chevrolet,5
241,Barbey,Emlin,bemlin6o@stumbleupon.com,Female,$2748.48,2/27/1995,Maserati,10
242,Barbe,Growden,bgrowden6p@wikispaces.com,Female,$1276.87,10/8/1999,BMW,4
243,Nikolia,Ofen,nofen6q@seattletimes.com,Female,$144.82,10/13/1971,Buick,7
244,Annice,Bifield,abifield6r@51.la,Female,$7167.68,12/19/1993,Lexus,7
245,Cary,Caizley,ccaizley6s@wufoo.com,Male,$10703.71,1/19/1994,Land Rover,3
246,Anthe,Aps,aaps6t@salon.com,Female,$19067.15,11/6/1994,Mercedes-Benz,9
247,Juliana,Jackling,jjackling6u@twitter.com,Female,$22584.95,7/2/1982,Toyota,8
248,Sal,Rudkin,srudkin6v@rediff.com,Male,$16882.30,6/20/1971,Pontiac,4
249,Kelsi,Heard,kheard6w@businessweek.com,Female,$6887.02,9/26/1972,Kia,9
250,Elisa,Counihan,ecounihan6x@sogou.com,Female,$12887.29,6/12/1994,Chevrolet,10
251,Saraann,Snoad,ssnoad6y@google.pl,Female,$21519.20,6/26/1975,Volkswagen,8
252,Koenraad,Boffin,kboffin6z@ted.com,Male,$22469.16,7/18/1997,Volkswagen,1
253,Ives,Zorro,izorro70@bluehost.com,Male,$10130.00,8/17/1991,Volkswagen,7
254,Say,Robe,srobe71@nationalgeographic.com,Polygender,$22598.78,9/9/1998,Mercedes-Benz,9
255,Jake,Scowen,jscowen72@bravesites.com,Male,$10175.75,7/24/2002,Ford,9
256,Roda,Wardhaw,rwardhaw73@zimbio.com,Female,$14741.31,7/10/1996,Ford,4
257,Stefa,Baroch,sbaroch74@toplist.cz,Female,$24290.98,11/7/1979,Mitsubishi,6
258,Hermina,Novichenko,hnovichenko75@sbwire.com,Female,$8020.26,9/24/1997,Mercury,8
259,Tami,Fedorchenko,tfedorchenko76@goo.gl,Female,$17029.40,6/1/1985,Hummer,2
260,Carrol,Favela,cfavela77@pbs.org,Male,$2627.47,7/4/1977,Porsche,4
261,Tiphany,Dagon,tdagon78@nba.com,Female,$21548.45,9/4/1970,Jeep,1
262,Franny,Toal,ftoal79@friendfeed.com,Male,$24011.78,5/10/1981,Scion,3
263,Judon,Lyes,jlyes7a@fastcompany.com,Male,$1680.37,1/17/1987,Chevrolet,10
264,Mikael,Charlin,mcharlin7b@oaic.gov.au,Male,$1402.45,11/28/1982,Infiniti,10
265,Salvatore,Molineux,smolineux7c@washington.edu,Male,$4392.21,5/11/1970,Ford,10
266,Elysia,Tregust,etregust7d@weibo.com,Genderqueer,$17754.06,6/8/1987,Buick,5
267,Theo,Pearmain,tpearmain7e@csmonitor.com,Male,$24131.70,5/21/1976,Mitsubishi,6
268,Kristoforo,Shaxby,kshaxby7f@bloglines.com,Male,$21521.91,12/5/1974,Chevrolet,4
269,Justinn,Allabarton,jallabarton7g@dedecms.com,Female,$8155.06,6/20/1990,Chevrolet,4
270,Sven,Adamou,sadamou7h@hibu.com,Non-binary,$3986.40,7/27/2001,Lincoln,7
271,Chrystel,Teodoro,cteodoro7i@senate.gov,Female,$22839.67,12/25/1972,Isuzu,4
272,Miner,Pogg,mpogg7j@friendfeed.com,Male,$13463.82,4/27/1983,Chevrolet,9
273,Dominique,Osorio,dosorio7k@state.tx.us,Female,$20644.07,9/5/1974,Mazda,6
274,Donella,Di Gregorio,ddigregorio7l@linkedin.com,Female,$18303.34,1/10/2000,Honda,9
275,Berne,Baggett,bbaggett7m@free.fr,Male,$4976.59,6/29/1992,Chevrolet,2
276,Claudette,O'Corrigane,cocorrigane7n@pinterest.com,Female,$14238.82,3/19/1999,Toyota,8
277,Roxanna,Ormond,rormond7o@bandcamp.com,Female,$9082.10,9/14/1966,GMC,8
278,Brianne,Markovich,bmarkovich7p@usatoday.com,Female,$11211.38,9/17/1990,Dodge,10
279,Em,Wrench,ewrench7q@smh.com.au,Female,$13014.60,3/16/1976,Dodge,5
280,Irina,Zanazzi,izanazzi7r@nationalgeographic.com,Non-binary,$23700.53,7/25/2002,Jeep,8
281,Sergent,Murfill,smurfill7s@gmpg.org,Male,$1231.22,1/21/1970,Cadillac,8
282,Laverne,Ruggles,lruggles7t@hostgator.com,Female,$1450.82,8/30/1973,Buick,10
283,Hamlen,Milnes,hmilnes7u@youtube.com,Male,$12719.24,5/27/1969,Lotus,5
284,Cozmo,Scantlebury,cscantlebury7v@icq.com,Male,$9877.99,10/23/1997,Ford,5
285,Gwendolin,Antill,gantill7w@marketwatch.com,Female,$16039.70,4/11/1978,Maserati,8
286,Zolly,Piaggia,zpiaggia7x@mayoclinic.com,Male,$16469.64,11/20/2002,Chevrolet,8
287,Rouvin,Beran,rberan7y@ted.com,Male,$14487.95,7/2/1971,Audi,4
288,Kylila,Izod,kizod7z@amazonaws.com,Female,$21773.15,11/2/1975,GMC,5
289,Codie,Wickes,cwickes80@digg.com,Female,$18491.90,1/9/1975,Mitsubishi,9
290,Farrell,Eglaise,feglaise81@t-online.de,Male,$5785.63,12/16/2002,Mercedes-Benz,1
291,Paulo,Exrol,pexrol82@barnesandnoble.com,Male,$17072.40,8/10/1983,Dodge,7
292,Rab,Burnhams,rburnhams83@deviantart.com,Male,$21700.80,1/3/1967,Chrysler,1
293,Ely,Wheelton,ewheelton84@phpbb.com,Male,$24510.73,5/15/1971,Volkswagen,4
294,Catlin,Lilloe,clilloe85@dedecms.com,Female,$10106.69,11/14/1993,Mazda,7
295,Evey,Wadly,ewadly86@huffingtonpost.com,Female,$25307.47,12/23/1976,Honda,10
296,Budd,Stores,bstores87@economist.com,Male,$13460.49,9/17/1984,Kia,7
297,Joy,Donoghue,jdonoghue88@netvibes.com,Genderfluid,$7607.58,2/27/1976,Volvo,9
298,Cairistiona,Bracher,cbracher89@addtoany.com,Genderfluid,$20456.63,4/3/1971,Buick,7
299,Ynes,Leynton,yleynton8a@51.la,Female,$1426.96,5/20/1984,Kia,1
300,Manfred,Embury,membury8b@elpais.com,Genderfluid,$2614.84,3/27/1982,Jaguar,9
301,Skye,Mucklestone,smucklestone8c@goo.ne.jp,Polygender,$11843.91,5/1/1968,BMW,6
302,Randie,Halle,rhalle8d@ask.com,Agender,$17703.93,11/19/1974,Mercedes-Benz,7
303,Valaria,Whillock,vwhillock8e@time.com,Female,$12533.61,3/30/2000,Lexus,2
304,Killie,Restieaux,krestieaux8f@squidoo.com,Male,$13503.85,7/2/1978,Lincoln,1
305,Benyamin,Coche,bcoche8g@bbc.co.uk,Male,$832.84,12/2/2000,Volkswagen,7
306,Shaina,Faltskog,sfaltskog8h@wired.com,Female,$21161.61,5/24/1971,Geo,1
307,Rolfe,Nelmes,rnelmes8i@imdb.com,Male,$8582.61,10/21/2001,Infiniti,7
308,Baillie,Longcaster,blongcaster8j@biblegateway.com,Male,$25180.18,3/19/1986,Volkswagen,10
309,Jud,Richardson,jrichardson8k@biblegateway.com,Male,$15993.39,3/10/1979,Saab,9
310,Denice,McGeady,dmcgeady8l@omniture.com,Female,$17377.33,3/30/1993,Mazda,4
311,Luce,Hemphill,lhemphill8m@360.cn,Female,$23972.60,6/21/1967,Nissan,10
312,Amalle,Sirmond,asirmond8n@loc.gov,Female,$15448.60,12/25/1974,Jeep,4
313,Diena,Blasli,dblasli8o@java.com,Female,$11300.07,5/19/1967,Chevrolet,3
314,Janis,Chrishop,jchrishop8p@studiopress.com,Female,$3637.52,6/28/1970,Porsche,10
315,Nikos,Kochl,nkochl8q@omniture.com,Genderqueer,$10174.86,2/20/1997,Toyota,9
316,Morganne,de Tocqueville,mdetocqueville8r@360.cn,Female,$2204.65,7/27/1975,Mitsubishi,4
317,Dominik,Wilber,dwilber8s@smh.com.au,Male,$22413.14,12/5/1989,Buick,9
318,Garek,Zimmerman,gzimmerman8t@naver.com,Male,$20299.80,9/28/1984,GMC,3
319,Klarrisa,Brakespear,kbrakespear8u@va.gov,Female,$21597.12,9/6/1969,Mazda,3
320,Fabiano,McCoughan,fmccoughan8v@walmart.com,Male,$21349.31,1/19/1978,Infiniti,4
321,Euell,Beadon,ebeadon8w@cnn.com,Bigender,$13103.41,1/6/1983,Infiniti,3
322,Imojean,Bonallick,ibonallick8x@163.com,Agender,$17406.18,12/1/1999,MINI,5
323,Leonardo,Saterweyte,lsaterweyte8y@goo.ne.jp,Male,$23119.33,9/23/1993,Mazda,10
324,Faber,Birdwistle,fbirdwistle8z@twitpic.com,Male,$17319.70,6/5/1969,Pontiac,4
325,Carmine,Gibbon,cgibbon90@ocn.ne.jp,Agender,$22475.28,3/4/1983,Jeep,7
326,Ketty,Abbot,kabbot91@java.com,Female,$7490.83,11/21/1988,Dodge,10
327,Lacy,Wetherick,lwetherick92@shinystat.com,Polygender,$21146.56,11/29/1979,Isuzu,4
328,Marcy,Schulke,mschulke93@tumblr.com,Female,$19992.04,4/15/1968,Volvo,10
329,Elisha,Plumbe,eplumbe94@csmonitor.com,Agender,$10987.91,12/24/1981,Eagle,7
330,Claresta,Pinner,cpinner95@amazon.co.uk,Female,$8271.66,8/17/1989,Ford,3
331,Lilia,Inwood,linwood96@scientificamerican.com,Female,$24393.20,4/7/1969,Mercedes-Benz,8
332,Wood,Cupitt,wcupitt97@github.io,Male,$16834.04,12/18/1980,Cadillac,1
333,Regen,Folland,rfolland98@vistaprint.com,Male,$15999.66,1/2/1993,Volkswagen,2
334,Taddeusz,Winser,twinser99@google.co.uk,Male,$8946.33,10/18/1967,Toyota,8
335,Marni,Elecum,melecum9a@statcounter.com,Female,$9867.67,8/26/1979,Chrysler,6
336,Davine,Flindall,dflindall9b@state.tx.us,Female,$911.46,1/13/1983,Subaru,6
337,Andrey,Heninghem,aheninghem9c@dagondesign.com,Male,$4586.80,6/13/1980,Mercury,7
338,Tarrance,Heggman,theggman9d@simplemachines.org,Male,$2119.72,4/12/1990,MINI,4
339,Eloise,Lawtey,elawtey9e@nba.com,Female,$24593.95,11/3/1989,Toyota,3
340,Margo,Greschik,mgreschik9f@ed.gov,Female,$23163.96,7/7/2000,Isuzu,9
341,Essa,McPhilip,emcphilip9g@kickstarter.com,Female,$625.90,11/13/1976,Volvo,3
342,Jannel,Primak,jprimak9h@blogger.com,Female,$16575.63,2/12/1994,Volkswagen,4
343,Heddi,Oppery,hoppery9i@is.gd,Female,$22432.19,4/13/1981,Honda,8
344,Morton,Meffin,mmeffin9j@people.com.cn,Male,$23644.41,9/22/1976,Dodge,8
345,Garold,Gorring,ggorring9k@amazon.co.jp,Male,$10261.91,12/22/1988,Ford,7
346,Hal,Morrison,hmorrison9l@buzzfeed.com,Male,$18145.82,7/15/1993,Isuzu,6
347,Janos,Helix,jhelix9m@state.gov,Male,$10319.78,7/14/1974,Toyota,4
348,Diahann,Korbmaker,dkorbmaker9n@washingtonpost.com,Polygender,$534.80,5/29/1973,Saturn,3
349,Antoinette,Levett,alevett9o@typepad.com,Agender,$10755.27,10/18/1975,BMW,10
350,Alanson,Winspare,awinspare9p@php.net,Male,$17905.37,5/28/2002,Mercedes-Benz,8
351,Daisy,Audley,daudley9q@engadget.com,Female,$10348.57,7/20/1996,Ford,1
352,Carolyne,Petracco,cpetracco9r@xing.com,Female,$595.12,4/17/1997,Chevrolet,1
353,Hinze,Reavell,hreavell9s@123-reg.co.uk,Male,$6790.60,5/30/1997,GMC,7
354,Laina,Bickley,lbickley9t@themeforest.net,Female,$6714.07,11/14/1990,Maserati,6
355,Neville,Hadgkiss,nhadgkiss9u@mashable.com,Male,$9011.42,10/14/1972,Dodge,6
356,Eziechiele,Denziloe,edenziloe9v@meetup.com,Male,$2881.37,4/19/1976,Isuzu,9
357,Winthrop,Britto,wbritto9w@admin.ch,Male,$2295.75,1/25/2002,Chevrolet,10
358,Ciro,Cauley,ccauley9x@phpbb.com,Male,$2296.81,12/14/1978,Chevrolet,2
359,Tommie,Sabbin,tsabbin9y@bloglovin.com,Female,$23536.04,5/12/1969,Chevrolet,1
360,Charis,Cannop,ccannop9z@hibu.com,Female,$3210.70,4/10/1977,Honda,6
361,Carla,Dudson,cdudsona0@bbc.co.uk,Polygender,$17336.41,9/28/1996,Ford,1
362,Kaia,Renzullo,krenzulloa1@addthis.com,Female,$1597.64,3/19/1996,Ford,10
363,Frank,Clitherow,fclitherowa2@altervista.org,Female,$1827.34,11/5/1973,Cadillac,7
364,Barclay,Grewer,bgrewera3@yahoo.com,Male,$15179.96,3/2/1976,Honda,7
365,Magdalen,Benito,mbenitoa4@weibo.com,Genderqueer,$19097.12,9/7/1999,Mitsubishi,6
366,Aurthur,Southern,asoutherna5@odnoklassniki.ru,Male,$14468.08,4/18/1982,Oldsmobile,9
367,Andreas,Chavey,achaveya6@studiopress.com,Male,$20318.75,11/1/1993,Honda,6
368,Gerrard,Gorden,ggordena7@upenn.edu,Genderfluid,$11787.75,11/30/1993,Mazda,4
369,Elaina,Bedells,ebedellsa8@house.gov,Female,$12764.60,7/3/1981,Pontiac,9
370,Annemarie,Extence,aextencea9@nature.com,Female,$3888.66,4/26/2000,Chevrolet,7
371,Vinni,McPharlain,vmcpharlainaa@github.com,Female,$11658.93,6/27/1988,Infiniti,9
372,Chere,Abram,cabramab@google.it,Female,$23145.18,9/22/1974,Ram,10
373,Louis,Tidman,ltidmanac@engadget.com,Male,$13079.57,9/11/1984,Chevrolet,9
374,Linda,Granleese,lgranleesead@photobucket.com,Female,$8694.69,8/30/1997,Buick,6
375,Melanie,Sisland,msislandae@myspace.com,Female,$3573.18,1/6/1967,Land Rover,9
376,Aurie,Riddall,ariddallaf@indiatimes.com,Female,$23522.56,12/25/1981,Volkswagen,1
377,Aristotle,Tosh,atoshag@meetup.com,Male,$15731.26,4/17/1989,Ford,4
378,Vivian,Rosle,vrosleah@hc360.com,Genderqueer,$345.68,9/15/1971,Mercedes-Benz,2
379,Rockwell,Frisel,rfriselai@ft.com,Male,$14301.20,9/8/1967,GMC,4
380,Jamal,Oliphard,joliphardaj@ftc.gov,Male,$21122.47,9/23/1969,BMW,2
381,Phelia,Durek,pdurekak@spotify.com,Polygender,$25064.83,3/1/1993,Buick,4
382,Gerti,Koppens,gkoppensal@ocn.ne.jp,Female,$10948.78,4/28/1970,Hyundai,5
383,Brian,Hunte,bhunteam@liveinternet.ru,Male,$18992.82,10/24/2001,Chrysler,2
384,Diego,Gullane,dgullanean@google.cn,Male,$17757.45,8/19/1977,Honda,2
385,Carter,Donaldson,cdonaldsonao@constantcontact.com,Male,$15663.84,1/22/1976,Buick,1
386,Shelagh,Hospital,shospitalap@oracle.com,Female,$20202.67,5/18/1983,Mazda,10
387,Angeli,Worg,aworgaq@1688.com,Male,$15830.27,3/3/1972,Kia,2
388,Ollie,Everley,oeverleyar@phoca.cz,Female,$23950.67,5/4/1994,Kia,3
389,Markos,Malter,mmalteras@ed.gov,Male,$22001.88,5/25/1981,Toyota,10
390,Sherill,Oherlihy,soherlihyat@spiegel.de,Female,$6562.61,1/31/1996,Mercedes-Benz,7
391,Meyer,Owbrick,mowbrickau@slashdot.org,Male,$8033.82,9/3/1983,Lincoln,2
392,Fredia,Jeafferson,fjeaffersonav@photobucket.com,Female,$20772.81,8/10/1987,Audi,6
393,Angel,Iaduccelli,aiaduccelliaw@acquirethisname.com,Male,$13533.30,5/2/1966,Nissan,6
394,Laverna,Androletti,landrolettiax@thetimes.co.uk,Female,$5419.47,2/10/1967,Suzuki,9
395,Nero,O'Haire,nohaireay@berkeley.edu,Male,$22493.48,10/18/1989,GMC,8
396,Minta,Paice,mpaiceaz@slashdot.org,Non-binary,$9094.40,7/1/1976,GMC,8
397,Lee,Purselowe,lpurseloweb0@uol.com.br,Female,$24142.45,3/24/1976,Audi,8
398,Cecile,Cabel,ccabelb1@sina.com.cn,Female,$21897.21,8/10/1987,GMC,5
399,Corly,Backhouse,cbackhouseb2@si.edu,Female,$2175.07,1/25/1971,BMW,7
400,Roxanna,Huxter,rhuxterb3@weather.com,Female,$7020.64,9/12/2002,Mitsubishi,9
401,Marris,Janic,mjanicb4@dmoz.org,Female,$13626.98,1/12/1969,Audi,3
402,Godfrey,Ragsdale,gragsdaleb5@sciencedirect.com,Male,$8219.04,3/12/1993,Nissan,4
403,Fanny,Paice,fpaiceb6@soup.io,Female,$15088.32,9/20/1981,Ford,2
404,Stoddard,Henningham,shenninghamb7@theglobeandmail.com,Female,$5418.41,7/1/1977,Cadillac,7
405,Allene,Stilliard,astilliardb8@sphinn.com,Female,$514.51,11/14/1969,Ford,7
406,Warren,Goldine,wgoldineb9@geocities.com,Male,$14841.85,2/26/1985,Lotus,3
407,Theresina,Harwell,tharwellba@yolasite.com,Female,$12027.19,4/4/1970,Jeep,10
408,Orville,Lambertson,olambertsonbb@bizjournals.com,Male,$6747.05,9/12/1995,Mercury,9
409,Harriott,Tinmouth,htinmouthbc@home.pl,Female,$9005.05,9/10/1985,Ford,3
410,Joanne,Torra,jtorrabd@odnoklassniki.ru,Female,$6347.61,4/23/2002,Ford,3
411,Mathew,Janisson,mjanissonbe@histats.com,Male,$10289.73,8/8/1977,Mitsubishi,5
412,Donavon,Fairleigh,dfairleighbf@virginia.edu,Male,$2195.41,9/14/1984,Ford,7
413,Carley,Dielhenn,cdielhennbg@tinypic.com,Female,$1853.16,7/25/1980,Nissan,9
414,Myles,Cansfield,mcansfieldbh@com.com,Male,$564.99,9/7/1987,CitroÃ«n,2
415,Hanson,Adamczyk,hadamczykbi@indiatimes.com,Male,$11541.30,3/13/1970,Nissan,10
416,Ambros,Braunfeld,abraunfeldbj@51.la,Male,$10952.92,1/31/1984,Mercedes-Benz,10
417,Fredia,Bengough,fbengoughbk@mediafire.com,Female,$6399.79,3/8/1975,Jeep,4
418,Malena,Larmett,mlarmettbl@ebay.com,Polygender,$7054.86,8/31/1996,Honda,2
419,Cyndie,Rawstron,crawstronbm@businessinsider.com,Female,$2214.68,5/16/1975,GMC,3
420,Scott,De Rechter,sderechterbn@reuters.com,Male,$24967.85,3/8/1985,Jeep,7
421,Oralee,Norledge,onorledgebo@blog.com,Female,$18059.52,9/20/1977,Chevrolet,7
422,Isak,Schoolfield,ischoolfieldbp@foxnews.com,Non-binary,$9517.72,1/22/1984,Buick,6
423,Steven,Penniell,spenniellbq@businesswire.com,Male,$3752.37,4/27/1988,Chevrolet,8
424,Jody,Antonijevic,jantonijevicbr@bloglines.com,Male,$3658.14,11/8/1981,Pontiac,4
425,Cassandry,Gotcher,cgotcherbs@eventbrite.com,Female,$489.92,8/23/1969,Mercedes-Benz,3
426,Sydel,Odby,sodbybt@tinyurl.com,Female,$21328.08,5/24/1980,Dodge,4
427,Siegfried,Titherington,stitheringtonbu@samsung.com,Male,$24331.20,6/1/1980,GMC,8
428,Izabel,Render,irenderbv@freewebs.com,Female,$17302.23,3/20/1997,Mitsubishi,8
429,Lethia,Caris,lcarisbw@harvard.edu,Non-binary,$16596.24,7/23/1978,Kia,8
430,Sampson,Yeatman,syeatmanbx@businessweek.com,Male,$11348.30,10/25/1976,Toyota,5
431,Hastings,Ghirardi,hghirardiby@unblog.fr,Male,$18594.92,12/1/1999,Isuzu,8
432,Wilmette,Ohanessian,wohanessianbz@si.edu,Female,$5735.93,10/22/1975,Porsche,5
433,Siffre,Leguay,sleguayc0@skype.com,Male,$9940.12,6/25/1975,Aston Martin,8
434,Conney,Slowley,cslowleyc1@hubpages.com,Male,$22085.40,6/19/1982,Kia,1
435,Meryl,Gofton,mgoftonc2@home.pl,Male,$3462.34,10/19/1990,Aston Martin,10
436,Vanya,McRamsey,vmcramseyc3@tinyurl.com,Female,$4396.46,9/25/1981,BMW,7
437,Joni,Mordey,jmordeyc4@foxnews.com,Female,$11855.49,1/18/1968,Honda,4
438,Monroe,Henrion,mhenrionc5@live.com,Bigender,$16522.86,2/2/1997,Mitsubishi,7
439,Latrina,McClancy,lmcclancyc6@purevolume.com,Female,$6288.84,4/2/1998,GMC,9
440,Franz,Kleanthous,fkleanthousc7@imageshack.us,Male,$2703.71,2/24/1995,Dodge,1
441,Lacee,Mac Geaney,lmacgeaneyc8@joomla.org,Female,$20432.61,5/22/1989,Mazda,9
442,Norma,Joffe,njoffec9@hugedomains.com,Female,$9889.52,11/26/1998,Buick,4
443,Ruth,Shrubb,rshrubbca@cnet.com,Female,$2325.40,10/10/2002,Pontiac,6
444,Ephraim,Layborn,elayborncb@devhub.com,Male,$2854.88,11/9/1994,Toyota,1
445,Tally,Wrate,twratecc@patch.com,Male,$16705.39,2/4/1971,Audi,10
446,Waly,Westfalen,wwestfalencd@joomla.org,Female,$4722.89,11/21/1971,Geo,6
447,Roderich,Vennard,rvennardce@google.co.jp,Genderfluid,$23983.94,2/22/1983,Honda,9
448,Dion,Yesinov,dyesinovcf@guardian.co.uk,Female,$13337.49,7/24/1986,Suzuki,3
449,Stacee,Mayzes,smayzescg@google.de,Female,$481.92,7/24/1982,Pontiac,3
450,Kynthia,Whitford,kwhitfordch@buzzfeed.com,Female,$9873.15,4/23/1972,Ford,3
451,Early,Orr,eorrci@squarespace.com,Male,$6842.95,3/14/1984,Land Rover,5
452,Marylee,Betchley,mbetchleycj@tamu.edu,Bigender,$19859.09,8/3/1993,Chevrolet,6
453,Clyve,Hallagan,challaganck@github.io,Male,$1807.77,6/25/1982,Toyota,8
454,Charley,Frazer,cfrazercl@hatena.ne.jp,Male,$23818.77,3/18/1979,Chevrolet,9
455,Evelin,Pannaman,epannamancm@ibm.com,Male,$7921.94,5/8/1988,Mercedes-Benz,8
456,Nanon,Schustl,nschustlcn@github.io,Female,$7085.74,11/22/1981,Chevrolet,1
457,Alvin,McCritichie,amccritichieco@mediafire.com,Male,$9326.94,2/3/1976,Chevrolet,5
458,Wildon,Cowdray,wcowdraycp@yellowbook.com,Male,$11962.76,6/25/1994,Chrysler,4
459,Maxy,Mounsey,mmounseycq@blogger.com,Female,$737.04,9/18/1999,Kia,5
460,Joyan,Robjant,jrobjantcr@pinterest.com,Polygender,$11299.14,1/9/1966,Toyota,1
461,Cally,Pentercost,cpentercostcs@comcast.net,Female,$396.11,2/24/1975,Mercedes-Benz,4
462,Mahmoud,Vila,mvilact@istockphoto.com,Male,$23064.68,7/2/1997,Acura,6
463,Hinze,Kingsnode,hkingsnodecu@dmoz.org,Male,$15400.32,6/20/1976,GMC,9
464,Rica,Pickerin,rpickerincv@businessweek.com,Female,$10849.09,8/1/1972,Mitsubishi,4
465,Benedikta,Georg,bgeorgcw@mail.ru,Female,$12068.83,1/24/1981,Nissan,6
466,Beulah,Avieson,baviesoncx@spotify.com,Female,$12596.41,8/16/2000,Infiniti,8
467,Gabriello,Talman,gtalmancy@multiply.com,Male,$13327.98,6/24/1978,Toyota,2
468,Horst,Moth,hmothcz@twitter.com,Male,$18644.90,3/9/1971,Jeep,1
469,Junette,Dwelly,jdwellyd0@issuu.com,Female,$5058.36,12/19/1989,Nissan,8
470,Feliks,Griffoen,fgriffoend1@redcross.org,Male,$8034.46,1/4/1968,Mazda,2
471,Dita,Osorio,dosoriod2@techcrunch.com,Female,$15687.22,2/27/1982,Suzuki,4
472,Zedekiah,Chilver,zchilverd3@craigslist.org,Male,$14687.66,4/6/1984,Toyota,7
473,Shell,Ezzy,sezzyd4@mayoclinic.com,Female,$6008.14,12/17/1991,Lexus,4
474,Marne,Chawkley,mchawkleyd5@g.co,Female,$12101.79,9/26/1970,Mitsubishi,9
475,Herta,Dudney,hdudneyd6@dailymail.co.uk,Female,$12778.17,6/27/1978,Dodge,6
476,Mellisent,Pietrasik,mpietrasikd7@soundcloud.com,Female,$17553.68,7/16/1976,Acura,6
477,Bogart,Woltman,bwoltmand8@harvard.edu,Male,$1283.48,10/24/1986,Mitsubishi,1
478,Amberly,Silverlock,asilverlockd9@bluehost.com,Female,$15766.52,4/22/1972,BMW,8
479,Sherry,Rembrant,srembrantda@google.co.jp,Female,$22357.95,5/16/1974,Ford,4
480,Lainey,MattiCCI,lmatticcidb@narod.ru,Female,$15875.14,8/11/1988,Dodge,5
481,Cirillo,MacDonald,cmacdonalddc@wired.com,Male,$6246.12,8/24/1985,Subaru,1
482,Briant,Lewer,blewerdd@rakuten.co.jp,Male,$3440.42,11/12/1988,Ford,10
483,Darwin,Spilisy,dspilisyde@freewebs.com,Male,$13414.98,5/7/1978,Dodge,7
484,Arvie,Devanney,adevanneydf@addthis.com,Male,$12245.88,4/6/1967,Mazda,10
485,Darin,Mingey,dmingeydg@theatlantic.com,Male,$21011.87,3/29/1980,Volkswagen,4
486,Elberta,Keighly,ekeighlydh@earthlink.net,Female,$8812.44,10/10/1986,Chevrolet,10
487,Lonnie,Ambresin,lambresindi@wikimedia.org,Male,$22097.61,10/21/1983,Pontiac,8
488,Luce,Phython,lphythondj@auda.org.au,Female,$4798.46,5/30/1999,Dodge,2
489,Barbaraanne,Mabbitt,bmabbittdk@joomla.org,Female,$21284.80,5/11/1975,Toyota,10
490,Isaac,Breddy,ibreddydl@yandex.ru,Agender,$7134.71,11/21/1970,Audi,6
491,Mallory,Crose,mcrosedm@cargocollective.com,Male,$13166.59,10/17/1997,Chevrolet,1
492,Lory,Paolo,lpaolodn@de.vu,Female,$8005.65,4/24/1991,BMW,2
493,Rickard,McGahy,rmcgahydo@forbes.com,Male,$7151.28,6/29/1977,Cadillac,4
494,Stavros,Rawson,srawsondp@godaddy.com,Male,$16064.58,4/28/1971,Ford,10
495,Lucas,Greeves,lgreevesdq@skyrock.com,Male,$7361.88,7/1/1983,Dodge,6
496,Fons,Lensch,flenschdr@seattletimes.com,Polygender,$18537.97,9/29/1997,Buick,6
497,Adolphe,Siddell,asiddellds@bbb.org,Male,$1075.96,7/6/1977,Ferrari,7
498,Vick,Claisse,vclaissedt@123-reg.co.uk,Male,$10655.06,2/9/2001,Chevrolet,2
499,Lionello,Yeiles,lyeilesdu@mysql.com,Male,$6197.45,6/30/1997,Mitsubishi,5
500,Griffy,Gilbeart,ggilbeartdv@mayoclinic.com,Genderqueer,$22006.10,11/7/1984,Toyota,1
501,Nobie,Revie,nreviedw@quantcast.com,Male,$21452.71,10/20/1988,Dodge,8
502,Lauryn,Saltman,lsaltmandx@wunderground.com,Female,$10132.58,1/3/1974,Nissan,2
503,Nicky,Cappineer,ncappineerdy@cnn.com,Male,$14699.61,7/24/1975,Mercedes-Benz,9
504,Siegfried,Siward,ssiwarddz@hatena.ne.jp,Male,$6236.12,5/26/1970,Mercury,1
505,Cece,Hodgen,chodgene0@scientificamerican.com,Male,$16545.18,3/1/1966,Audi,4
506,Chastity,Trillo,ctrilloe1@wikispaces.com,Female,$11936.59,11/4/2001,Dodge,8
507,Jefferson,Cory,jcorye2@yandex.ru,Male,$18559.82,1/14/1990,Nissan,6
508,Walther,Vassel,wvassele3@cornell.edu,Male,$20004.20,9/14/1978,Toyota,7
509,Berne,Plews,bplewse4@army.mil,Male,$5826.77,11/24/1977,Infiniti,3
510,Farrand,Mullaney,fmullaneye5@wix.com,Female,$3087.01,2/7/1991,Ford,8
511,Chrissie,Bailles,cbaillese6@zimbio.com,Male,$16148.38,8/7/1971,GMC,4
512,Donaugh,Pristnor,dpristnore7@cocolog-nifty.com,Male,$8485.60,1/22/1998,Toyota,2
513,Petronia,Matyashev,pmatyasheve8@printfriendly.com,Female,$14848.69,4/6/2000,Nissan,8
514,Arturo,Zanotti,azanottie9@businessweek.com,Male,$3718.60,7/26/2002,Lexus,7
515,Starlin,Parker,sparkerea@hp.com,Female,$23287.96,7/24/1997,Acura,9
516,Erminie,Attenbrough,eattenbrougheb@squarespace.com,Female,$11928.53,10/2/1986,Ford,7
517,Mac,Tolomelli,mtolomelliec@globo.com,Male,$4106.80,1/2/1970,Mitsubishi,2
518,Tilly,Billison,tbillisoned@squarespace.com,Female,$725.98,10/14/1984,Mercedes-Benz,4
519,Kaleena,Teeney,kteeneyee@de.vu,Genderqueer,$3234.22,9/12/1969,Chevrolet,1
520,Bernardine,Behnen,bbehnenef@who.int,Female,$9606.13,8/8/1989,Ford,1
521,Joshuah,Deyes,jdeyeseg@goodreads.com,Non-binary,$24706.07,5/5/2000,Lexus,4
522,Lynnelle,Tawton,ltawtoneh@umn.edu,Bigender,$17871.58,8/2/1980,Ford,2
523,Coleman,Van Halen,cvanhalenei@uol.com.br,Male,$6508.65,11/27/1998,Dodge,1
524,Kevon,McEvoy,kmcevoyej@joomla.org,Male,$23351.06,1/4/1971,Audi,8
525,Ag,McParlin,amcparlinek@psu.edu,Female,$24887.27,12/18/1987,Dodge,10
526,Holden,Itzak,hitzakel@freewebs.com,Male,$5821.36,10/23/1987,Mercury,1
527,Ninetta,O'Heffernan,noheffernanem@t-online.de,Female,$15812.05,2/6/1991,Suzuki,8
528,Kimball,Bouette,kbouetteen@blogs.com,Male,$23675.65,8/18/1972,Chevrolet,1
529,Basia,Pughsley,bpughsleyeo@delicious.com,Female,$22273.12,3/13/1978,Mitsubishi,1
530,Lind,Sterke,lsterkeep@intel.com,Female,$9044.18,6/14/1978,Nissan,4
531,Dion,Pittem,dpittemeq@washingtonpost.com,Female,$15356.97,6/24/1979,Kia,3
532,Adella,Waything,awaythinger@fc2.com,Female,$943.21,10/9/1988,Mazda,2
533,Noreen,Dreng,ndrenges@yandex.ru,Female,$12042.76,3/27/1968,Hyundai,5
534,Elizabet,Warnes,ewarneset@vimeo.com,Female,$4099.32,1/12/1970,Ford,10
535,Zena,Smittoune,zsmittouneeu@oracle.com,Female,$16742.64,2/18/1998,Ford,7
536,Antonia,Berthomier,aberthomierev@simplemachines.org,Female,$19563.80,9/25/1983,Pontiac,6
537,Sharleen,Linster,slinsterew@discovery.com,Female,$13352.60,10/4/1979,BMW,3
538,Malorie,Fish,mfishex@seattletimes.com,Female,$12196.88,6/8/1996,Chevrolet,2
539,Corrie,Bandiera,cbandieraey@prlog.org,Male,$4058.48,11/7/1992,Mazda,1
540,Adina,Springle,aspringleez@bigcartel.com,Female,$21056.04,9/9/1999,Oldsmobile,2
541,Barret,Smouten,bsmoutenf0@narod.ru,Male,$16390.31,8/5/1975,Infiniti,1
542,Olivero,Rainford,orainfordf1@de.vu,Male,$24531.94,6/10/1972,GMC,3
543,Dorey,Troubridge,dtroubridgef2@yandex.ru,Male,$24470.16,10/15/1973,Corbin,9
544,Kari,Wiggin,kwigginf3@upenn.edu,Female,$14983.34,1/3/1968,Lincoln,7
545,Ignacio,Crucitti,icrucittif4@blinklist.com,Male,$935.96,7/20/1967,Saab,5
546,Bartram,Gazzard,bgazzardf5@amazon.co.uk,Male,$587.81,6/2/1968,Chevrolet,1
547,Sayers,Brereton,sbreretonf6@fema.gov,Male,$4653.44,9/13/1966,Mitsubishi,3
548,Carena,Wohler,cwohlerf7@cbc.ca,Female,$20085.28,4/10/1979,Toyota,4
549,Johnna,Sapauton,jsapautonf8@t.co,Female,$6273.74,9/6/1997,Acura,1
550,Pauly,Twiname,ptwinamef9@cyberchimps.com,Male,$745.99,3/7/1978,Mazda,5
551,Xymenes,Pegden,xpegdenfa@sun.com,Male,$21891.70,11/13/1975,Audi,9
552,Kirbee,Suttle,ksuttlefb@un.org,Female,$14921.80,4/2/1994,Maybach,3
553,Dunn,Hazle,dhazlefc@yelp.com,Male,$5623.32,12/2/1991,Subaru,7
554,Harrietta,Wyles,hwylesfd@sina.com.cn,Female,$2110.35,10/12/1988,Lexus,2
555,Allyn,Fisby,afisbyfe@ebay.com,Male,$11517.93,1/1/1976,Mercury,8
556,Franklyn,Woolard,fwoolardff@twitpic.com,Male,$549.09,8/6/1990,Toyota,6
557,Simeon,Hunnawill,shunnawillfg@clickbank.net,Male,$19029.27,12/10/1989,Pontiac,10
558,Lee,Whitmarsh,lwhitmarshfh@adobe.com,Male,$18474.48,9/23/1983,Ford,8
559,Dominic,Bissill,dbissillfi@arstechnica.com,Male,$15547.76,6/26/1975,Mercury,6
560,Martelle,Beckinsall,mbeckinsallfj@census.gov,Female,$1152.55,9/5/1969,Mercedes-Benz,6
561,Ericka,Swanborough,eswanboroughfk@accuweather.com,Female,$16622.10,12/22/1978,Saab,10
562,Mohammed,Wichard,mwichardfl@twitpic.com,Male,$24340.45,9/26/1979,Volkswagen,8
563,Gaby,McGriffin,gmcgriffinfm@oakley.com,Male,$2870.88,3/9/1982,Oldsmobile,6
564,Harmon,Livard,hlivardfn@ifeng.com,Male,$5535.40,10/1/1974,Audi,9
565,Torrey,Reames,treamesfo@foxnews.com,Male,$4008.12,11/11/1989,Toyota,8
566,Shena,Ansill,sansillfp@google.cn,Female,$4049.52,10/7/1971,Ford,9
567,Pippy,Blaydon,pblaydonfq@sourceforge.net,Female,$6388.84,3/30/1971,Audi,1
568,Zollie,Jeffryes,zjeffryesfr@yandex.ru,Male,$3111.67,8/27/1972,Lexus,3
569,Marmaduke,Brookes,mbrookesfs@techcrunch.com,Male,$8882.87,11/24/1973,Chrysler,4
570,Sigismondo,Weerdenburg,sweerdenburgft@phpbb.com,Male,$19554.07,3/16/1989,Buick,3
571,Nathanil,Thorius,nthoriusfu@un.org,Male,$16591.59,7/14/1986,Lexus,10
572,Reagen,Assel,rasselfv@disqus.com,Male,$16687.91,3/16/1975,Oldsmobile,5
573,Barbie,Allington,ballingtonfw@elpais.com,Genderfluid,$21237.97,4/11/1971,Lotus,6
574,Sasha,Albers,salbersfx@newsvine.com,Male,$21649.29,7/18/1979,Ferrari,7
575,Berthe,Grundell,bgrundellfy@japanpost.jp,Female,$1247.60,9/20/1985,Mercury,6
576,Jami,Radford,jradfordfz@t-online.de,Female,$4712.54,3/3/1983,BMW,10
577,Marjory,Rintoul,mrintoulg0@soup.io,Female,$14772.09,4/11/1992,GMC,4
578,Zeke,Hessel,zhesselg1@pagesperso-orange.fr,Male,$22300.37,2/11/1993,GMC,8
579,Pietra,Cradock,pcradockg2@e-recht24.de,Female,$13467.58,5/13/1996,Suzuki,7
580,Claudia,Caught,ccaughtg3@opera.com,Female,$6950.35,4/22/1990,Mazda,7
581,Tabb,Bickmore,tbickmoreg4@dropbox.com,Male,$9846.90,11/11/1981,BMW,7
582,Roz,Jordi,rjordig5@i2i.jp,Female,$22613.33,6/4/1993,Cadillac,5
583,Tracee,Fountian,tfountiang6@go.com,Female,$10614.48,10/9/1980,Mitsubishi,2
584,Floria,Godfroy,fgodfroyg7@engadget.com,Female,$8157.54,5/28/1992,Chevrolet,5
585,Sharl,Wittleton,swittletong8@baidu.com,Female,$11598.24,4/4/1993,Toyota,2
586,Rona,Singh,rsinghg9@wordpress.com,Female,$4912.87,8/1/1976,Jaguar,8
587,Fonz,Chivrall,fchivrallga@jimdo.com,Male,$10106.76,4/21/1985,Chevrolet,2
588,Aubine,Jost,ajostgb@indiatimes.com,Female,$10069.72,11/12/1967,Mercedes-Benz,6
589,Ham,Dubery,hduberygc@macromedia.com,Male,$2472.26,8/11/1988,Mercury,7
590,Maxie,Girardy,mgirardygd@diigo.com,Genderqueer,$19569.41,6/17/2002,Volvo,1
591,Ashlee,Swyre,aswyrege@nymag.com,Female,$7698.19,2/10/1981,Mercury,7
592,Mikaela,Robeson,mrobesongf@hud.gov,Female,$7768.86,11/4/1971,Volkswagen,2
593,Merry,Clerc,mclercgg@weather.com,Female,$17743.37,1/24/1969,Ford,4
594,Konstance,Lyle,klylegh@accuweather.com,Female,$11981.27,12/20/1980,Toyota,4
595,Augustin,Myner,amynergi@networksolutions.com,Male,$165.70,1/6/1975,Lexus,3
596,Leonardo,Fley,lfleygj@epa.gov,Male,$21726.09,3/25/1992,MINI,2
597,Adriena,Barthod,abarthodgk@stanford.edu,Female,$1394.95,1/5/1977,Lamborghini,2
598,Lyell,McMichan,lmcmichangl@baidu.com,Male,$327.77,3/3/1970,Pontiac,1
599,Rich,Godard,rgodardgm@joomla.org,Male,$13686.65,2/12/1970,GMC,3
600,Akim,Shouler,ashoulergn@shinystat.com,Male,$10183.57,8/27/1982,Lincoln,9
601,Nicola,Dyett,ndyettgo@noaa.gov,Female,$16986.32,7/10/1966,BMW,5
602,Aaren,Voce,avocegp@statcounter.com,Female,$5303.55,6/19/1982,Chevrolet,1
603,Lisa,Benz,lbenzgq@dmoz.org,Female,$18253.36,2/7/1990,Hyundai,8
604,Kalila,Kyngdon,kkyngdongr@umn.edu,Female,$2402.72,7/3/1989,Ford,2
605,Tony,Stanes,tstanesgs@prweb.com,Male,$6361.98,4/1/1982,BMW,10
606,Bradney,Seymark,bseymarkgt@reverbnation.com,Male,$11070.83,1/11/1991,Dodge,2
607,Ruprecht,Jordan,rjordangu@engadget.com,Male,$17810.58,8/28/1986,Dodge,9
608,Dwight,Harnetty,dharnettygv@privacy.gov.au,Male,$13252.21,2/9/1978,GMC,4
609,Ernaline,Kilrow,ekilrowgw@usa.gov,Female,$1089.87,9/5/1974,Dodge,4
610,Francesca,Shearman,fshearmangx@dailymotion.com,Female,$21795.68,10/14/1976,Audi,5
611,Neel,Fricker,nfrickergy@nydailynews.com,Bigender,$2093.37,3/5/1994,Toyota,3
612,Creight,Wake,cwakegz@icio.us,Male,$7106.42,5/14/1983,Chevrolet,3
613,Nathaniel,Clapston,nclapstonh0@icq.com,Male,$9945.73,8/20/1967,Audi,7
614,Alasdair,Fawckner,afawcknerh1@instagram.com,Male,$11971.95,10/13/1984,GMC,2
615,Spike,Abbotts,sabbottsh2@wunderground.com,Male,$2121.07,11/30/1969,Mitsubishi,7
616,Mechelle,Michel,mmichelh3@xinhuanet.com,Female,$12599.23,6/8/1982,Ford,2
617,Vinny,Bortolini,vbortolinih4@hubpages.com,Female,$18375.34,8/3/1985,Ford,2
618,Irving,Doswell,idoswellh5@bizjournals.com,Male,$14243.37,4/15/1979,Buick,8
619,Lucienne,Thorington,lthoringtonh6@wunderground.com,Genderfluid,$21229.51,6/15/1997,Lincoln,8
620,Caria,Tremblot,ctrembloth7@newsvine.com,Female,$22453.92,8/8/1987,Ford,3
621,Sigfrid,Heams,sheamsh8@weather.com,Male,$25238.49,11/16/1975,Pontiac,4
622,Colver,Criple,ccripleh9@amazon.co.uk,Male,$17759.09,6/5/1981,Mercury,5
623,Cad,Bourley,cbourleyha@ihg.com,Male,$22377.04,7/25/1987,BMW,7
624,Junette,Lansberry,jlansberryhb@shop-pro.jp,Female,$1903.41,8/15/1966,Mercury,9
625,Sophie,Pittford,spittfordhc@about.com,Female,$16610.71,7/15/1991,Ford,9
626,Sigismondo,Ensley,sensleyhd@wikimedia.org,Male,$13592.69,7/22/1986,GMC,6
627,Tadeo,Folini,tfolinihe@twitter.com,Male,$9513.87,2/25/1968,Jeep,5
628,Cortie,Lucchi,clucchihf@forbes.com,Male,$1267.21,6/15/1978,Mercedes-Benz,2
629,Grissel,Gudeman,ggudemanhg@usgs.gov,Female,$15089.30,7/25/1980,Buick,2
630,Rogerio,Beevers,rbeevershh@theguardian.com,Male,$15685.80,3/8/1976,Ford,3
631,Dayna,Gawthrope,dgawthropehi@wikispaces.com,Female,$13323.95,12/7/1978,Mazda,4
632,Lila,Gosforth,lgosforthhj@nasa.gov,Female,$6411.27,3/15/1970,BMW,2
633,Doretta,Reinhart,dreinharthk@hp.com,Female,$3255.19,9/5/1976,Lincoln,3
634,Frans,Shutler,fshutlerhl@plala.or.jp,Male,$9794.41,9/20/1999,Chevrolet,10
635,Vincenty,Clines,vclineshm@scientificamerican.com,Male,$21599.53,2/25/1976,Mitsubishi,4
636,Aguie,Dobeson,adobesonhn@sun.com,Bigender,$10727.59,3/4/1995,Chevrolet,4
637,Godard,St Louis,gstlouisho@mlb.com,Male,$23269.18,8/6/1983,BMW,6
638,Eleonora,Scutching,escutchinghp@github.com,Female,$15798.37,10/5/1998,GMC,1
639,Karrah,McPaike,kmcpaikehq@nbcnews.com,Female,$21382.37,11/13/1992,Mitsubishi,3
640,Jeddy,Curm,jcurmhr@1688.com,Male,$258.51,1/18/1997,Dodge,5
641,Goran,Gorstidge,ggorstidgehs@facebook.com,Male,$21255.49,10/28/1974,Audi,3
642,Milka,Carrett,mcarrettht@google.ca,Female,$25324.26,11/12/1982,Ford,7
643,Stewart,Gumme,sgummehu@dot.gov,Male,$10895.12,6/5/1975,Pontiac,8
644,Alfredo,Bernhard,abernhardhv@naver.com,Male,$23541.35,3/26/1986,GMC,6
645,Feliks,McColley,fmccolleyhw@people.com.cn,Male,$23520.28,6/2/1971,Audi,4
646,Olivier,Ivanaev,oivanaevhx@ustream.tv,Male,$12087.37,2/18/2002,Chevrolet,9
647,Mufi,Scoble,mscoblehy@exblog.jp,Genderfluid,$13613.46,10/19/2002,Chevrolet,6
648,Lucho,Lucus,llucushz@discuz.net,Male,$11671.37,4/17/1999,Jeep,8
649,Madlin,Trask,mtraski0@cdbaby.com,Female,$970.98,12/28/1965,Ford,10
650,Yetty,Hempshall,yhempshalli1@independent.co.uk,Female,$9460.88,7/3/1995,Dodge,3
651,Averil,Drinkwater,adrinkwateri2@smugmug.com,Female,$9022.01,3/31/1994,Chrysler,5
652,Gerhard,Athey,gatheyi3@bloomberg.com,Male,$15344.07,10/12/1969,Buick,9
653,Colver,Moult,cmoulti4@cnbc.com,Male,$16046.58,6/29/2001,Pontiac,9
654,Sigfrid,Brownlow,sbrownlowi5@accuweather.com,Male,$16288.42,1/18/1986,Suzuki,5
655,Johann,Wakelin,jwakelini6@uiuc.edu,Male,$3443.98,6/26/1979,Saturn,9
656,Kelbee,Iorns,kiornsi7@ebay.co.uk,Male,$12162.59,11/23/1992,Nissan,4
657,Sidoney,Luff,sluffi8@mozilla.org,Female,$14786.12,7/8/1996,Pontiac,8
658,Aland,Byres,abyresi9@washington.edu,Male,$13616.49,12/21/1968,GMC,9
659,Urban,Shafe,ushafeia@blogspot.com,Male,$6393.79,10/18/1999,Oldsmobile,6
660,Lothaire,Pudge,lpudgeib@toplist.cz,Bigender,$5329.82,5/24/1993,Kia,9
661,Nathanael,Shawyers,nshawyersic@nhs.uk,Male,$23858.03,4/12/1974,Suzuki,1
662,Neel,Towne,ntowneid@google.com,Male,$9739.69,4/19/1981,Acura,7
663,Julia,Moreinu,jmoreinuie@noaa.gov,Female,$10757.71,5/21/1996,Lincoln,9
664,Pren,Morrant,pmorrantif@google.ca,Male,$13801.64,2/9/2000,Audi,3
665,Delphine,Heaslip,dheaslipig@guardian.co.uk,Female,$14055.44,4/3/1993,Chevrolet,2
666,Walt,Korejs,wkorejsih@wordpress.org,Male,$11478.82,12/21/2000,Ford,10
667,Baird,Gambles,bgamblesii@toplist.cz,Male,$13601.54,3/31/1989,Lotus,5
668,Coop,Fenwick,cfenwickij@google.pl,Male,$7760.99,11/18/1998,Lexus,2
669,Aundrea,Sanbroke,asanbrokeik@yellowpages.com,Female,$5548.61,12/4/2001,Jeep,3
670,Kelley,De Roos,kderoosil@about.me,Male,$11900.12,1/7/1985,Nissan,10
671,Sileas,Custance,scustanceim@opensource.org,Female,$9122.64,5/27/1975,Cadillac,7
672,Micky,Carlisle,mcarlislein@webmd.com,Male,$13710.44,10/21/1974,Lotus,4
673,Rosmunda,Areles,rarelesio@msn.com,Female,$14371.85,6/11/1983,Lexus,3
674,Gearalt,Simcock,gsimcockip@skyrock.com,Male,$22452.47,10/1/2001,Audi,4
675,Cooper,Isakson,cisaksoniq@wikipedia.org,Male,$4437.53,3/26/1983,Mitsubishi,5
676,Darsey,Canty,dcantyir@bloglines.com,Female,$21470.10,12/12/1986,Volvo,7
677,Roseanna,Schlagtmans,rschlagtmansis@unc.edu,Female,$1777.42,3/3/1989,GMC,4
678,Buiron,Wellwood,bwellwoodit@weather.com,Male,$4290.11,11/11/1983,Ford,6
679,Blinnie,Wildt,bwildtiu@cnet.com,Female,$6335.06,5/19/1985,Nissan,2
680,Katrina,Kalinsky,kkalinskyiv@nymag.com,Female,$14047.99,7/27/1968,Dodge,3
681,Corinne,Gredden,cgreddeniw@issuu.com,Female,$23392.27,8/20/1976,Mazda,3
682,Valene,Sommerly,vsommerlyix@wsj.com,Female,$15487.98,9/27/1971,Maybach,5
683,Ernesto,Vobes,evobesiy@fastcompany.com,Male,$24880.99,1/12/1981,Nissan,7
684,Axel,Beggi,abeggiiz@deviantart.com,Genderqueer,$12408.33,7/31/1991,GMC,6
685,Brnaba,Pitherick,bpitherickj0@cmu.edu,Male,$10779.27,9/27/1988,Chrysler,6
686,Robby,Gavozzi,rgavozzij1@live.com,Male,$24552.98,6/26/2000,Toyota,1
687,Will,Kibblewhite,wkibblewhitej2@pagesperso-orange.fr,Male,$22382.89,10/9/1997,Hyundai,5
688,Timmy,Von Welldun,tvonwelldunj3@cbsnews.com,Male,$11869.50,7/8/1966,Chevrolet,5
689,Humfried,Magne,hmagnej4@163.com,Male,$8607.98,10/16/1998,Chevrolet,3
690,Vinita,Tithecote,vtithecotej5@google.it,Female,$12942.48,5/27/1976,BMW,9
691,Niels,Hopkins,nhopkinsj6@newsvine.com,Male,$3687.19,11/22/1983,Volvo,10
692,King,Comport,kcomportj7@vk.com,Male,$23693.51,10/14/2001,Audi,3
693,Sauveur,Haskins,shaskinsj8@ted.com,Male,$12534.47,12/16/1967,Volkswagen,3
694,Leigh,Lukasik,llukasikj9@unc.edu,Genderqueer,$5474.82,5/3/1989,Oldsmobile,4
695,Ingelbert,Houselee,ihouseleeja@chronoengine.com,Male,$2493.82,2/1/1994,Volvo,6
696,Joice,Baterip,jbateripjb@wix.com,Female,$1477.27,2/27/1978,Volvo,6
697,Sammie,Nelthorp,snelthorpjc@hostgator.com,Male,$11497.96,11/12/1968,Jeep,5
698,Sheila-kathryn,Benford,sbenfordjd@scientificamerican.com,Female,$12939.62,7/28/1979,Nissan,2
699,Rowney,Brokenshaw,rbrokenshawje@shinystat.com,Male,$22827.70,11/19/1972,Dodge,1
700,Dave,Dedam,ddedamjf@unc.edu,Male,$21291.46,3/31/1969,Buick,3
701,Rollie,Pawlick,rpawlickjg@github.com,Male,$8755.69,11/6/1978,Pontiac,4
702,Darill,Ioannou,dioannoujh@epa.gov,Male,$14641.91,8/18/1996,Pontiac,9
703,Derron,Blow,dblowji@purevolume.com,Male,$10401.51,8/21/1976,Ford,10
704,Gustavus,Dows,gdowsjj@hc360.com,Male,$15420.16,9/30/1975,Subaru,8
705,Jasmina,McGinlay,jmcginlayjk@omniture.com,Female,$9487.43,10/27/1999,Ford,1
706,Sorcha,Chrishop,schrishopjl@nps.gov,Female,$21750.81,10/31/1995,Ford,2
707,Eduardo,Peers,epeersjm@wp.com,Male,$4934.27,1/10/1969,Aston Martin,1
708,Gram,Sterman,gstermanjn@netscape.com,Genderqueer,$10632.81,12/9/1996,Pontiac,7
709,Merrili,Panichelli,mpanichellijo@mysql.com,Female,$24506.61,11/26/1990,Buick,6
710,Tod,Normabell,tnormabelljp@china.com.cn,Male,$18588.24,11/22/1980,Lincoln,10
711,Jonell,Wiggins,jwigginsjq@berkeley.edu,Female,$7552.46,7/5/1989,Dodge,5
712,Karita,Maulkin,kmaulkinjr@sourceforge.net,Female,$22162.62,11/8/2000,Infiniti,4
713,Thomas,Beacon,tbeaconjs@disqus.com,Male,$12355.65,5/12/2001,Plymouth,9
714,Bryce,Abelov,babelovjt@biglobe.ne.jp,Male,$24643.70,12/27/1981,Lincoln,5
715,Cyrille,Dumberell,cdumberellju@pcworld.com,Male,$19547.11,9/30/1989,Mercury,3
716,Ephraim,Gamage,egamagejv@xrea.com,Male,$3606.14,3/12/1977,Dodge,4
717,Chet,Emeney,cemeneyjw@umich.edu,Male,$1096.66,3/10/1979,Toyota,5
718,Paulie,Braithwaite,pbraithwaitejx@google.fr,Male,$24345.79,5/28/1971,Audi,8
719,Obadias,Compston,ocompstonjy@gmpg.org,Male,$8648.27,3/17/1990,Chevrolet,1
720,Fianna,Luparto,flupartojz@seattletimes.com,Female,$5025.28,1/20/1984,Toyota,6
721,Danya,Mitcheson,dmitchesonk0@soundcloud.com,Female,$20453.27,3/2/1983,Lexus,10
722,Gwenneth,Bartoshevich,gbartoshevichk1@mail.ru,Female,$19088.00,11/7/2000,Ford,5
723,Kiley,Rudolph,krudolphk2@ft.com,Female,$10628.25,7/7/1990,Toyota,4
724,Orsa,Lenard,olenardk3@mashable.com,Female,$23368.94,11/20/1967,Toyota,6
725,Mac,Kezor,mkezork4@springer.com,Genderfluid,$12011.07,5/29/1977,Audi,3
726,Freddi,Nardrup,fnardrupk5@discuz.net,Female,$2988.09,5/3/1987,Chevrolet,3
727,Leupold,Hunston,lhunstonk6@nydailynews.com,Male,$19095.27,8/22/1977,Ford,8
728,Agnella,Jones,ajonesk7@who.int,Genderqueer,$14955.51,10/31/1966,Mercedes-Benz,3
729,Fraze,Raubenheimers,fraubenheimersk8@mapquest.com,Male,$10506.39,11/17/1986,Mercedes-Benz,7
730,Mariellen,Ubanks,mubanksk9@washingtonpost.com,Female,$20097.27,5/9/1993,Nissan,5
731,Casper,Winspeare,cwinspeareka@skyrock.com,Male,$25301.69,8/6/1977,Dodge,1
732,Kinnie,Scrace,kscracekb@yale.edu,Male,$13682.31,4/12/1985,Chevrolet,3
733,Costa,Pennycock,cpennycockkc@dyndns.org,Male,$14802.24,12/8/1978,Mercury,8
734,Percival,Strowther,pstrowtherkd@bing.com,Male,$6927.65,2/1/1976,Toyota,7
735,Wake,Higginbottam,whigginbottamke@independent.co.uk,Male,$3225.10,5/12/1994,Lexus,3
736,Brnaby,Gartrell,bgartrellkf@1688.com,Male,$20640.68,10/7/1988,Ford,8
737,Daryle,Welchman,dwelchmankg@last.fm,Male,$10621.93,7/19/1983,Infiniti,5
738,Shirlee,Brophy,sbrophykh@usgs.gov,Female,$9881.23,10/12/1977,Suzuki,9
739,Niels,Riddett,nriddettki@abc.net.au,Male,$9638.41,5/30/1989,Ford,9
740,Rollin,Shellsheere,rshellsheerekj@reddit.com,Male,$10795.84,7/18/1974,Land Rover,2
741,Waverley,Thirkettle,wthirkettlekk@printfriendly.com,Male,$15920.86,11/12/1990,Lexus,7
742,Roanne,Aleixo,raleixokl@zimbio.com,Female,$5402.26,12/15/1968,Ford,2
743,Warde,Myring,wmyringkm@adobe.com,Male,$13814.85,6/16/1993,Bentley,8
744,Freedman,Feldberg,ffeldbergkn@1688.com,Male,$17418.11,6/18/1999,Chevrolet,9
745,Marylee,Collick,mcollickko@geocities.com,Female,$20298.74,7/4/1967,Lexus,3
746,Arv,Leblanc,aleblanckp@csmonitor.com,Male,$5710.01,3/17/1988,Toyota,3
747,Tulley,Barwis,tbarwiskq@devhub.com,Male,$12879.75,7/14/1974,Mazda,3
748,Aldo,Kilroy,akilroykr@friendfeed.com,Non-binary,$16944.35,4/25/1985,Volkswagen,4
749,Ekaterina,Josephs,ejosephsks@seattletimes.com,Female,$13782.84,6/7/1971,Maybach,1
750,Dame,Enevoldsen,denevoldsenkt@google.ru,Male,$15474.60,11/20/1974,Lincoln,9
751,Delaney,Hayers,dhayersku@canalblog.com,Male,$19725.39,12/28/2001,Chevrolet,6
752,Ashbey,Doorey,adooreykv@clickbank.net,Male,$16186.21,10/1/1968,Dodge,6
753,Kettie,Sherburn,ksherburnkw@buzzfeed.com,Female,$3472.89,10/6/1978,Volvo,3
754,Donaugh,Slimmon,dslimmonkx@wiley.com,Male,$10383.09,1/1/1966,Cadillac,3
755,Nehemiah,Aldhouse,naldhouseky@w3.org,Male,$13435.60,2/13/2001,Volvo,7
756,Cordy,Legier,clegierkz@mit.edu,Female,$6829.48,7/20/1968,Chevrolet,6
757,Jakob,Ellwand,jellwandl0@skype.com,Male,$6920.94,5/16/1988,Ferrari,6
758,Angil,Calladine,acalladinel1@surveymonkey.com,Female,$4666.53,6/1/1974,Lincoln,5
759,Cami,Caldwell,ccaldwelll2@qq.com,Female,$19767.55,4/22/1984,Hyundai,8
760,Krysta,Twamley,ktwamleyl3@washingtonpost.com,Female,$21059.79,9/6/1975,GMC,7
761,Gillan,Tomkys,gtomkysl4@elegantthemes.com,Female,$14075.34,12/8/1976,Ford,7
762,Malanie,Somerscales,msomerscalesl5@weather.com,Female,$18619.58,1/21/1969,Lincoln,5
763,Franchot,Basilotta,fbasilottal6@gov.uk,Male,$11466.96,8/27/1992,Aston Martin,10
764,Janene,Howsam,jhowsaml7@creativecommons.org,Female,$11580.52,5/14/1988,Chevrolet,5
765,Ambrosius,Faust,afaustl8@oaic.gov.au,Male,$19694.05,10/31/1997,Ford,10
766,Mortie,Scarf,mscarfl9@histats.com,Male,$1057.17,6/23/1972,Acura,3
767,Ad,Eusden,aeusdenla@whitehouse.gov,Male,$20695.06,11/25/1991,Jeep,3
768,Martynne,Grundwater,mgrundwaterlb@census.gov,Female,$2700.54,3/5/1978,GMC,2
769,Merridie,Peye,mpeyelc@uiuc.edu,Female,$4474.64,4/9/1982,Mazda,6
770,Mischa,Stealfox,mstealfoxld@ameblo.jp,Male,$8177.53,12/24/1975,Mercedes-Benz,5
771,Alana,Smallpeice,asmallpeicele@addtoany.com,Genderqueer,$17863.06,10/3/1994,Chevrolet,6
772,Bendick,Sheridan,bsheridanlf@etsy.com,Male,$968.55,12/10/1968,Lamborghini,3
773,Warde,Picard,wpicardlg@harvard.edu,Male,$2271.80,9/15/1991,Ford,6
774,Burk,Aucourte,baucourtelh@nps.gov,Male,$6122.51,4/21/1978,Hyundai,5
775,Haley,Doag,hdoagli@redcross.org,Female,$8857.91,3/31/1973,Dodge,5
776,Garold,Braithwaite,gbraithwaitelj@hibu.com,Male,$7293.77,3/23/1993,Mitsubishi,8
777,Francesco,Ahrenius,fahreniuslk@census.gov,Male,$25364.31,1/27/1977,Chevrolet,1
778,Forrest,Beckensall,fbeckensallll@about.me,Male,$17267.14,12/16/1998,Cadillac,1
779,Evyn,Snelling,esnellinglm@pagesperso-orange.fr,Male,$1622.43,2/25/1991,Chevrolet,2
780,Tildie,Squibbs,tsquibbsln@house.gov,Female,$8701.80,3/2/1997,Kia,1
781,Cord,Ahrend,cahrendlo@facebook.com,Male,$2539.84,2/24/1972,Ford,4
782,Crin,Baldazzi,cbaldazzilp@forbes.com,Female,$11977.69,6/3/1966,Aston Martin,9
783,Nobe,Timcke,ntimckelq@technorati.com,Male,$10979.54,8/10/1971,Toyota,5
784,Alexio,Rickett,arickettlr@webnode.com,Male,$4994.14,10/4/1992,Land Rover,2
785,Thom,Stitle,tstitlels@unesco.org,Male,$278.40,3/24/1985,Volkswagen,8
786,Sophie,Chaudret,schaudretlt@pcworld.com,Bigender,$21730.83,11/8/1991,Dodge,10
787,Ximenez,Robertazzi,xrobertazzilu@goodreads.com,Male,$21170.13,4/22/1990,Subaru,2
788,Berny,Gingles,bgingleslv@java.com,Male,$11767.04,8/11/1969,Ford,10
789,Meggi,Hardwicke,mhardwickelw@prlog.org,Female,$17754.62,1/13/1969,Saab,4
790,Zonnya,Parcall,zparcalllx@auda.org.au,Female,$17499.88,10/26/1995,Chrysler,8
791,Basia,Selwin,bselwinly@e-recht24.de,Female,$24903.92,1/6/1976,GMC,5
792,Cleo,Fey,cfeylz@yahoo.co.jp,Female,$21173.29,10/10/1969,Lexus,4
793,Leslie,Zimek,lzimekm0@nbcnews.com,Female,$23193.57,3/10/2000,GMC,8
794,Seline,Stovell,sstovellm1@jalbum.net,Female,$7251.82,2/28/1984,Volkswagen,7
795,Roana,Shout,rshoutm2@tinyurl.com,Female,$16614.84,3/31/1996,Land Rover,6
796,Cleve,Matiasek,cmatiasekm3@w3.org,Male,$13219.22,1/2/1977,Bentley,8
797,Bogart,Doncom,bdoncomm4@craigslist.org,Male,$6710.37,1/7/1980,Acura,1
798,Arley,Budcock,abudcockm5@independent.co.uk,Male,$10595.48,11/13/1977,Chevrolet,1
799,Alexine,Lapre,alaprem6@cdc.gov,Bigender,$15819.46,11/8/1974,Mercedes-Benz,10
800,Randal,Camelli,rcamellim7@mozilla.com,Male,$14285.54,10/20/1968,Mercedes-Benz,10
801,Rube,Lamartine,rlamartinem8@uol.com.br,Male,$1751.47,7/16/2002,Dodge,5
802,Gallard,Kemer,gkemerm9@macromedia.com,Male,$15119.69,6/29/1973,BMW,5
803,Dorie,Bernard,dbernardma@discuz.net,Female,$6001.84,6/12/1968,Ford,6
804,Zebedee,Di Antonio,zdiantoniomb@slashdot.org,Male,$23197.26,9/16/1980,Dodge,1
805,Ebeneser,Inwood,einwoodmc@nasa.gov,Male,$1384.69,4/20/2002,Mazda,7
806,Ivar,Idenden,iidendenmd@adobe.com,Male,$24344.45,3/1/1992,Oldsmobile,4
807,Ivory,Cauderlie,icauderlieme@ca.gov,Female,$2038.33,12/27/1996,Honda,8
808,Lion,MacPharlain,lmacpharlainmf@upenn.edu,Male,$24299.32,2/18/1987,Mercedes-Benz,5
809,Kip,Fonquernie,kfonquerniemg@amazon.co.jp,Male,$20546.85,4/3/1982,Ford,10
810,Lorry,Gazey,lgazeymh@webmd.com,Female,$14028.17,5/4/1991,BMW,4
811,Gabriello,Jardein,gjardeinmi@npr.org,Male,$21288.30,4/15/1972,Ford,3
812,Broderic,Siemon,bsiemonmj@behance.net,Bigender,$17633.69,9/20/1971,Ford,9
813,Sella,Wehnerr,swehnerrmk@odnoklassniki.ru,Female,$3488.61,4/9/1989,Kia,10
814,Clemmy,Bodell,cbodellml@alibaba.com,Female,$18816.43,10/3/1968,Chrysler,3
815,Cecilla,Clue,ccluemm@free.fr,Female,$23882.44,11/21/1990,Nissan,3
816,Demeter,Marke,dmarkemn@aboutads.info,Female,$18324.18,3/5/1992,Ford,5
817,Corty,Frostdick,cfrostdickmo@wordpress.org,Male,$16909.61,12/8/1975,Oldsmobile,9
818,Jason,Chessel,jchesselmp@oaic.gov.au,Male,$21520.59,8/20/1969,Jaguar,4
819,Carlyn,Maisey,cmaiseymq@networksolutions.com,Female,$17462.06,10/23/1971,Saab,4
820,Jeffrey,Wingham,jwinghammr@godaddy.com,Male,$1715.87,3/16/1977,Porsche,4
821,Wally,Hubatsch,whubatschms@reuters.com,Female,$6887.20,11/8/1994,Isuzu,3
822,Selby,McNeilley,smcneilleymt@usda.gov,Male,$20089.52,11/29/1978,Dodge,6
823,Ailey,Huddy,ahuddymu@t.co,Female,$15091.55,6/25/1972,Jeep,9
824,Hebert,Goutcher,hgoutchermv@instagram.com,Male,$8145.91,9/24/1997,Pontiac,10
825,Eudora,Dagnall,edagnallmw@is.gd,Female,$17166.73,10/9/1990,GMC,1
826,Kiley,Shalloo,kshalloomx@goo.gl,Female,$392.29,10/4/1983,Lexus,4
827,Lenka,Lawdham,llawdhammy@army.mil,Female,$8830.92,3/8/1976,Porsche,3
828,Torrey,Brewett,tbrewettmz@privacy.gov.au,Male,$12542.25,7/1/1989,Audi,9
829,Carson,Cortez,ccortezn0@chronoengine.com,Male,$13699.30,2/28/1994,Mazda,8
830,Gerald,Liell,glielln1@desdev.cn,Male,$18874.38,8/22/1986,BMW,2
831,Maria,Beardwood,mbeardwoodn2@msu.edu,Female,$23863.57,5/11/1967,Honda,5
832,Maximilien,Showte,mshowten3@privacy.gov.au,Male,$23597.46,3/18/1992,Mazda,7
833,Clari,Rutland,crutlandn4@bizjournals.com,Female,$17292.33,6/25/1978,GMC,10
834,Annette,Clapp,aclappn5@cbsnews.com,Female,$12745.26,8/13/1995,Lincoln,1
835,Etta,Danilyak,edanilyakn6@usa.gov,Female,$12553.01,9/16/1978,Chrysler,2
836,Ernest,Charke,echarken7@cnet.com,Male,$14969.43,7/3/1997,Buick,1
837,Bram,Pegg,bpeggn8@nature.com,Male,$7714.17,1/5/1975,Mitsubishi,3
838,Alana,Ramage,aramagen9@soup.io,Female,$23919.13,1/30/1982,BMW,2
839,Wittie,Olenin,woleninna@ucoz.ru,Non-binary,$5146.44,1/20/1986,Pontiac,8
840,Ambrosio,Thackray,athackraynb@meetup.com,Male,$14136.29,8/8/1999,Suzuki,1
841,Gwendolin,Tansill,gtansillnc@bing.com,Genderfluid,$16827.08,6/23/1977,BMW,4
842,Rorie,Guenther,rguenthernd@npr.org,Female,$12052.60,8/30/1968,Chevrolet,8
843,Noellyn,Basant,nbasantne@mayoclinic.com,Female,$14676.07,2/8/1985,BMW,5
844,Hurleigh,Rocca,hroccanf@pinterest.com,Male,$1527.05,9/3/1988,GMC,9
845,Ortensia,Cecere,ocecereng@yahoo.com,Female,$18413.06,7/25/1970,Volkswagen,5
846,Harmonie,Eslinger,heslingernh@epa.gov,Female,$10422.06,9/12/1976,BMW,5
847,Berry,Coneau,bconeauni@marriott.com,Female,$25087.70,4/20/1979,Mitsubishi,10
848,Traver,Hedling,thedlingnj@nytimes.com,Male,$5623.60,11/26/1995,Kia,10
849,Baxter,Kettell,bkettellnk@theatlantic.com,Male,$15305.38,12/1/1970,Mercury,5
850,Augy,Gleave,agleavenl@ocn.ne.jp,Male,$13434.87,1/12/1988,Infiniti,8
851,Gery,Jenicke,gjenickenm@meetup.com,Male,$291.07,5/30/1966,Nissan,5
852,Carree,Baigent,cbaigentnn@about.me,Genderqueer,$16868.71,6/2/1997,Lincoln,7
853,Garvey,Bellie,gbellieno@guardian.co.uk,Male,$21436.74,10/19/1972,Mitsubishi,8
854,Hodge,Klishin,hklishinnp@comsenz.com,Male,$19318.83,3/26/1988,Ford,1
855,Issy,Claridge,iclaridgenq@google.ru,Female,$16548.95,1/7/1978,Ford,5
856,Whitman,Neiland,wneilandnr@shop-pro.jp,Male,$23697.57,10/7/1976,Chevrolet,1
857,Allissa,Norwood,anorwoodns@jugem.jp,Female,$3833.10,6/15/1998,Jeep,1
858,Carry,MacCarter,cmaccarternt@pen.io,Female,$14823.62,10/4/1989,Chrysler,1
859,Nada,Ligoe,nligoenu@posterous.com,Female,$4252.06,7/9/1974,Buick,1
860,Aurea,Flute,aflutenv@slashdot.org,Female,$15159.62,5/23/1966,Volvo,4
861,Kimball,Shepley,kshepleynw@epa.gov,Male,$23976.73,10/15/1968,Pontiac,6
862,Kathlin,Truman,ktrumannx@tmall.com,Female,$937.98,1/12/1997,Jeep,6
863,Kiley,Horstead,khorsteadny@clickbank.net,Male,$5507.11,10/25/1967,Geo,6
864,Henri,Durant,hdurantnz@topsy.com,Male,$10173.75,1/17/1985,BMW,10
865,Wylma,Fley,wfleyo0@fastcompany.com,Female,$1798.56,1/5/1968,GMC,3
866,Leonid,Ferras,lferraso1@issuu.com,Male,$6250.98,4/15/1988,Mitsubishi,5
867,Ernesta,MacSorley,emacsorleyo2@walmart.com,Female,$139.99,6/27/1997,Mitsubishi,6
868,Vannie,Durling,vdurlingo3@acquirethisname.com,Female,$17693.33,7/18/1989,Suzuki,9
869,Kirbie,McIlvenny,kmcilvennyo4@cam.ac.uk,Female,$24369.82,11/8/1973,Lincoln,8
870,Steven,Jurgen,sjurgeno5@reference.com,Polygender,$8828.18,1/16/1989,Saturn,2
871,Wynn,Goodee,wgoodeeo6@va.gov,Genderqueer,$7855.53,11/11/1993,Dodge,4
872,Ogden,Ives,oiveso7@irs.gov,Male,$12922.01,6/4/1995,Lincoln,4
873,Adolphus,Avo,aavoo8@mozilla.com,Male,$14097.88,11/18/1982,Pontiac,7
874,Lacey,Gulk,lgulko9@yandex.ru,Female,$167.84,4/5/1983,Suzuki,8
875,Kristian,Rubury,kruburyoa@diigo.com,Male,$11602.61,7/24/1996,Chevrolet,10
876,Arlette,Hallgarth,ahallgarthob@is.gd,Female,$19754.27,9/1/1980,Mercury,2
877,Annabell,Oxherd,aoxherdoc@360.cn,Female,$15933.16,4/14/1974,Buick,2
878,Myriam,Flewan,mflewanod@engadget.com,Female,$15203.62,12/7/1990,Acura,2
879,Neilla,Aikenhead,naikenheadoe@infoseek.co.jp,Female,$12766.82,1/16/1986,Kia,8
880,Chad,Farnish,cfarnishof@ask.com,Male,$10885.75,3/23/1974,Subaru,4
881,Verena,Minto,vmintoog@google.fr,Female,$5986.85,4/17/1979,Chevrolet,9
882,Clerkclaude,Houndsom,choundsomoh@mashable.com,Genderfluid,$15081.47,7/5/1985,Dodge,8
883,Eugenio,Solan,esolanoi@auda.org.au,Male,$9618.34,4/28/1988,Mercedes-Benz,5
884,Brendis,Ipsley,bipsleyoj@cisco.com,Male,$1555.99,5/29/1976,Isuzu,9
885,Allyn,Tabert,atabertok@engadget.com,Male,$9600.12,9/4/1996,Eagle,4
886,Fabe,Albisser,falbisserol@is.gd,Male,$575.87,12/3/1967,Mitsubishi,2
887,Sidonnie,Gillison,sgillisonom@yahoo.co.jp,Female,$8190.50,5/29/1989,Dodge,3
888,Celeste,Duffree,cduffreeon@meetup.com,Female,$9524.69,7/3/1970,Toyota,6
889,Hiram,Charlewood,hcharlewoodoo@google.ru,Male,$3819.57,7/15/1973,Mitsubishi,3
890,Lemmie,Tooley,ltooleyop@buzzfeed.com,Male,$15159.60,8/1/2001,Chevrolet,1
891,Erda,Elger,eelgeroq@chicagotribune.com,Female,$13288.29,11/9/1977,Volkswagen,6
892,Niko,Govan,ngovanor@360.cn,Male,$18697.34,7/31/1990,Mitsubishi,10
893,Harmonie,Casford,hcasfordos@angelfire.com,Female,$5985.96,2/7/1994,Buick,6
894,Page,Gillman,pgillmanot@prnewswire.com,Male,$3941.05,4/24/1974,Chevrolet,4
895,Tania,Hessle,thessleou@mapquest.com,Female,$14969.58,10/6/1967,Oldsmobile,3
896,Galvan,Monahan,gmonahanov@flavors.me,Male,$4924.34,5/10/1998,Saab,1
897,Rik,Colleymore,rcolleymoreow@liveinternet.ru,Genderfluid,$9275.89,5/27/1997,Pontiac,1
898,Riccardo,McGriele,rmcgrieleox@163.com,Male,$20523.64,11/12/1982,Ford,9
899,Kliment,Macia,kmaciaoy@nbcnews.com,Male,$6014.62,7/15/1966,Hyundai,4
900,Colet,Balharry,cbalharryoz@wikispaces.com,Male,$7374.11,4/13/1988,Dodge,2
901,Urson,Syphas,usyphasp0@china.com.cn,Male,$21715.69,1/13/1983,Chevrolet,1
902,Kearney,Sievewright,ksievewrightp1@woothemes.com,Male,$17885.70,3/5/1972,Hyundai,4
903,Shayne,Hedlestone,shedlestonep2@free.fr,Male,$23340.38,3/18/1974,Jeep,6
904,Doll,Thomerson,dthomersonp3@salon.com,Female,$9934.79,8/27/2000,Lincoln,6
905,Michaeline,Humpage,mhumpagep4@ox.ac.uk,Genderqueer,$5312.38,3/19/1980,Daihatsu,1
906,Antonina,Rizzillo,arizzillop5@angelfire.com,Female,$9957.48,11/29/1985,Ford,1
907,Gretal,Ewen,gewenp6@foxnews.com,Female,$24760.50,7/31/1989,Chevrolet,10
908,Josselyn,Spolton,jspoltonp7@opera.com,Female,$20200.24,9/25/1991,Mitsubishi,3
909,Sigismondo,Banham,sbanhamp8@ow.ly,Male,$6228.23,1/2/1984,Audi,3
910,Reinald,Ruckledge,rruckledgep9@goo.gl,Male,$20114.26,5/14/1974,Land Rover,8
911,Ingrim,Surfleet,isurfleetpa@nsw.gov.au,Male,$3670.94,12/3/1970,Nissan,6
912,Helyn,Obal,hobalpb@indiegogo.com,Polygender,$12872.97,1/29/1983,Toyota,7
913,Silvan,Andrichuk,sandrichukpc@hexun.com,Male,$4723.26,6/12/1974,Mercury,4
914,Cherilynn,Pheazey,cpheazeypd@tinyurl.com,Female,$14963.26,2/12/1987,Buick,9
915,Diane-marie,Charrette,dcharrettepe@biglobe.ne.jp,Non-binary,$2616.36,10/15/1995,Toyota,9
916,Hermann,Hews,hhewspf@unc.edu,Genderqueer,$22210.99,4/7/1985,Mitsubishi,8
917,Cesare,Gasquoine,cgasquoinepg@hugedomains.com,Male,$9773.66,4/19/1998,Kia,8
918,Xenos,Lamond,xlamondph@imdb.com,Male,$23397.47,6/14/1973,Eagle,3
919,Evvie,Vassay,evassaypi@va.gov,Female,$21601.77,10/8/1989,Plymouth,1
920,Vernon,Rosborough,vrosboroughpj@google.cn,Male,$19925.44,4/27/1995,Chevrolet,3
921,Halley,Keywood,hkeywoodpk@unc.edu,Female,$12587.48,3/14/1979,Suzuki,8
922,Benoit,Robottom,brobottompl@mozilla.org,Male,$13686.57,10/7/1991,Ford,8
923,Jenica,Peverell,jpeverellpm@a8.net,Female,$3753.55,9/28/1977,Pontiac,9
924,Urson,Simonassi,usimonassipn@dyndns.org,Male,$7603.91,12/7/1988,Chevrolet,4
925,Carling,Burnside,cburnsidepo@tripadvisor.com,Non-binary,$6200.77,4/6/1978,Ford,9
926,Lissy,Shillito,lshillitopp@google.ca,Female,$19003.57,11/4/1977,Mitsubishi,10
927,Wendi,Dennington,wdenningtonpq@virginia.edu,Female,$12061.07,8/2/1968,Cadillac,1
928,Leigh,Endley,lendleypr@pen.io,Male,$11829.35,8/13/1989,Chevrolet,3
929,Nessy,Castellaccio,ncastellacciops@wordpress.com,Genderfluid,$24885.29,10/17/1966,Volkswagen,7
930,Mayer,Leborgne,mleborgnept@edublogs.org,Male,$19814.91,8/3/1986,Chevrolet,10
931,Anjanette,Rubury,aruburypu@livejournal.com,Female,$20579.97,6/22/1975,Mercedes-Benz,1
932,Gradey,Wilmot,gwilmotpv@forbes.com,Male,$20337.94,12/5/1999,Mazda,10
933,Kirbie,Marshal,kmarshalpw@uol.com.br,Female,$3741.51,12/26/2001,Land Rover,6
934,Miller,MacKibbon,mmackibbonpx@google.com.hk,Male,$22624.07,9/20/1971,Acura,7
935,Rab,Pickavant,rpickavantpy@sphinn.com,Male,$10544.26,4/17/1986,Lexus,2
936,Irena,Cutteridge,icutteridgepz@vimeo.com,Female,$13220.51,1/27/1994,Mazda,6
937,Laney,Trunby,ltrunbyq0@baidu.com,Bigender,$580.01,1/20/1993,Mercedes-Benz,5
938,Anjela,Btham,abthamq1@ucoz.ru,Female,$18562.16,11/30/1986,Maybach,9
939,Reynard,Larratt,rlarrattq2@ucsd.edu,Male,$11630.07,7/16/1995,Acura,6
940,Kristal,Kiehne,kkiehneq3@archive.org,Female,$250.53,4/14/1968,Acura,10
941,Blinnie,Holtaway,bholtawayq4@chron.com,Female,$20676.27,8/25/1985,Lamborghini,3
942,Cammy,Steabler,csteablerq5@sitemeter.com,Agender,$8071.34,2/1/1975,Volkswagen,5
943,Katie,Northleigh,knorthleighq6@nydailynews.com,Female,$16454.54,8/8/1992,BMW,1
944,Em,Caldaro,ecaldaroq7@sbwire.com,Female,$24838.23,9/1/1976,Chevrolet,1
945,Veronike,Van de Vlies,vvandevliesq8@blog.com,Female,$22873.64,6/27/1991,Lexus,5
946,Alexia,Brayfield,abrayfieldq9@bing.com,Female,$7387.91,1/17/1967,Chevrolet,8
947,Jamill,Millar,jmillarqa@gmpg.org,Male,$3193.24,10/23/1968,Mercedes-Benz,9
948,Domenic,Gwynne,dgwynneqb@engadget.com,Male,$11336.80,7/23/1976,Ford,8
949,Gena,Ashelford,gashelfordqc@columbia.edu,Female,$23604.08,10/15/1996,Nissan,2
950,Annamaria,Lauridsen,alauridsenqd@tinypic.com,Female,$8303.13,10/28/2000,Chevrolet,8
951,Lowe,Bryant,lbryantqe@imdb.com,Male,$13946.58,3/16/1971,Chevrolet,5
952,Aubree,Sinyard,asinyardqf@statcounter.com,Female,$1040.02,11/15/1992,Cadillac,8
953,Pedro,Rhydderch,prhydderchqg@oakley.com,Male,$394.93,4/4/1981,Toyota,10
954,Charita,Filipponi,cfilipponiqh@go.com,Female,$21730.01,4/22/1968,Infiniti,9
955,Rafa,Luckcuck,rluckcuckqi@joomla.org,Female,$4344.18,3/22/1998,Audi,1
956,Faunie,Mc Dermid,fmcdermidqj@ucoz.ru,Female,$3691.83,3/8/1997,Acura,6
957,Tabina,Hearn,thearnqk@google.it,Female,$13883.23,2/25/1967,Lincoln,7
958,Cassi,Wells,cwellsql@toplist.cz,Female,$18614.20,9/13/1973,Dodge,2
959,Heindrick,Deedes,hdeedesqm@elegantthemes.com,Male,$1019.85,11/10/1982,Mazda,7
960,Mendie,Trembley,mtrembleyqn@wufoo.com,Male,$14097.39,3/26/1978,Toyota,9
961,Jaynell,Buckingham,jbuckinghamqo@dailymotion.com,Female,$16218.30,2/1/1995,Jeep,4
962,Jerrie,Kelcher,jkelcherqp@dailymail.co.uk,Male,$7893.21,4/5/1994,Honda,8
963,Ignatius,Brear,ibrearqq@samsung.com,Male,$7017.39,5/14/1999,Jeep,6
964,Rafaelia,Alelsandrovich,ralelsandrovichqr@arstechnica.com,Female,$23646.33,1/22/1998,Ford,1
965,Jany,Barff,jbarffqs@whitehouse.gov,Female,$16723.99,6/12/1970,Audi,10
966,Muffin,Vollam,mvollamqt@studiopress.com,Female,$10233.03,4/17/2002,Dodge,5
967,Justus,Stoffers,jstoffersqu@webnode.com,Male,$24897.28,10/2/1979,Nissan,7
968,Brose,Mann,bmannqv@technorati.com,Male,$18848.23,12/8/1996,Saturn,5
969,Vladimir,Rae,vraeqw@prnewswire.com,Male,$16605.31,3/13/1980,Ford,6
970,Roderic,Jonas,rjonasqx@illinois.edu,Male,$6932.24,9/29/1981,Mazda,1
971,Porty,Clamp,pclampqy@msn.com,Genderfluid,$24567.43,9/24/1995,Dodge,10
972,Ber,Bunny,bbunnyqz@ebay.co.uk,Male,$10018.89,9/16/1987,Mercury,9
973,Greg,Adamides,gadamidesr0@princeton.edu,Male,$3285.04,2/17/1967,Oldsmobile,8
974,Blondell,Bwye,bbwyer1@amazon.de,Female,$11978.72,6/23/1994,Jaguar,6
975,Taffy,Malyon,tmalyonr2@t-online.de,Female,$4278.44,10/7/1983,Chevrolet,7
976,Kerri,Hainge,khainger3@opera.com,Female,$23809.36,5/10/1987,BMW,4
977,Aigneis,Marsay,amarsayr4@google.de,Female,$17979.93,1/25/1991,Cadillac,5
978,Wilhelmina,Jovic,wjovicr5@nature.com,Female,$11010.99,9/26/1989,BMW,7
979,Lulu,Conrart,lconrartr6@php.net,Female,$12144.32,1/8/1967,Volkswagen,5
980,Mitchel,Napolitano,mnapolitanor7@yahoo.com,Polygender,$6920.64,6/15/2002,Lincoln,9
981,Electra,Postin,epostinr8@reference.com,Female,$21733.04,1/3/1977,Toyota,7
982,Dalt,Stoffel,dstoffelr9@ustream.tv,Male,$5616.05,10/26/1966,Buick,6
983,Albina,Springett,aspringettra@sakura.ne.jp,Female,$17254.13,11/7/1971,Jaguar,10
984,Bobina,Chilton,bchiltonrb@amazon.de,Female,$15228.14,2/17/1972,Chevrolet,5
985,Kamilah,Hammett,khammettrc@samsung.com,Female,$3372.25,9/17/1969,Buick,4
986,Nelle,Cherrie,ncherrierd@cdbaby.com,Female,$21253.57,3/6/1978,Hummer,1
987,Elihu,Gawthorpe,egawthorpere@plala.or.jp,Agender,$21374.32,4/20/2000,Ford,10
988,Birgit,Canepe,bcaneperf@noaa.gov,Female,$9857.91,12/25/1978,Bentley,4
989,Shurlocke,Vaneev,svaneevrg@elpais.com,Male,$9367.79,12/28/2001,Honda,9
990,Gayle,Morecombe,gmorecomberh@mit.edu,Male,$23797.58,10/16/1968,GMC,3
991,Kinnie,Pratley,kpratleyri@buzzfeed.com,Male,$11530.25,7/1/1996,Pontiac,9
992,Nichole,Fleg,nflegrj@list-manage.com,Male,$25380.96,10/9/1987,Saturn,2
993,Joellyn,Straker,jstrakerrk@newyorker.com,Female,$8595.86,12/24/1982,Mitsubishi,8
994,Cassi,Bleasdille,cbleasdillerl@nih.gov,Female,$15087.60,12/31/1996,Mercedes-Benz,5
995,Haydon,Shepperd,hshepperdrm@smh.com.au,Male,$5689.15,8/14/1995,Pontiac,9
996,Yalonda,Walstow,ywalstowrn@vistaprint.com,Agender,$18112.89,2/25/1969,BMW,4
997,Coralyn,Merfin,cmerfinro@deliciousdays.com,Female,$20916.73,10/14/1987,Mitsubishi,8
998,Rakel,Duiged,rduigedrp@weebly.com,Female,$8296.27,12/9/1995,Chrysler,1
999,Pris,Haker,phakerrq@kickstarter.com,Polygender,$2796.88,6/19/2000,Volvo,4
1000,Benjy,Spackman,bspackmanrr@home.pl,Male,$2237.23,7/12/1989,Ford,3
